snapshot_date,mpn,source,status,http_status,match_type,matched_mpn,lead_time_weeks,detail,collected_at
2026-08-15,ESP8266EX,digikey,ok,200.0,exact,ESP8266EX,6.0,,2026-08-15T20:21:43+00:00
2026-08-15,113991114,digikey,ok,200.0,exact,113991114,4.0,,2026-08-15T20:21:47+00:00
2026-08-15,113991115,digikey,ok,200.0,exact,113991115,4.0,,2026-08-15T20:21:48+00:00
2026-08-15,DFR1063,digikey,ok,200.0,exact,DFR1063,7.0,,2026-08-15T20:21:50+00:00
2026-08-15,DFR1117,digikey,ok,200.0,exact,DFR1117,9.0,,2026-08-15T20:22:04+00:00
2026-08-15,MIKROE-2542,digikey,ok,200.0,exact,MIKROE-2542,4.0,,2026-08-15T20:22:08+00:00
2026-08-15,DFR1075,digikey,ok,200.0,exact,DFR1075,9.0,,2026-08-15T20:22:09+00:00
2026-08-15,GPY,digikey,ok,200.0,exact,GPY,14.0,,2026-08-15T20:22:10+00:00
2026-08-15,DFR0654,digikey,ok,200.0,exact,DFR0654,9.0,,2026-08-15T20:22:11+00:00
2026-08-15,DFR0868,digikey,ok,200.0,exact,DFR0868,9.0,,2026-08-15T20:22:13+00:00
2026-08-15,SIPY RCZ1 & RCZ3,digikey,ok,200.0,exact,SIPY RCZ1 & RCZ3,14.0,,2026-08-15T20:22:14+00:00
2026-08-15,DFR0654-F,digikey,ok,200.0,exact,DFR0654-F,9.0,,2026-08-15T20:22:15+00:00
2026-08-15,LOPY4,digikey,ok,200.0,exact,LOPY4,14.0,,2026-08-15T20:22:16+00:00
2026-08-15,FIPY,digikey,ok,200.0,exact,FIPY,14.0,,2026-08-15T20:22:18+00:00
2026-08-15,SIPY RCZ2 & RCZ4,digikey,ok,200.0,exact,SIPY RCZ2 & RCZ4,14.0,,2026-08-15T20:22:19+00:00
2026-08-15,211201004,digikey,no_match,200.0,,,,catalog returned 0 products,2026-08-15T20:22:21+00:00
2026-08-15,WIPY 3.0,digikey,ok,200.0,exact,WIPY 3.0,14.0,,2026-08-15T20:22:22+00:00
2026-08-15,211201005,digikey,no_match,200.0,,,,catalog returned 0 products,2026-08-15T20:22:23+00:00
2026-08-15,LOPY,digikey,ok,200.0,exact,LOPY,3.0,,2026-08-15T20:22:24+00:00
2026-08-15,DFR0706-EN,digikey,ok,200.0,exact,DFR0706-EN,9.0,,2026-08-15T20:22:25+00:00
2026-08-15,DEMO56F8013-EE,digikey,ok,200.0,exact,DEMO56F8013-EE,15.0,,2026-08-15T20:22:26+00:00
2026-08-15,140G-G2C3-C25,digikey,no_match,200.0,,,,catalog returned 0 products,2026-08-15T20:22:27+00:00
2026-08-15,140G-G2C3-C32,digikey,no_match,200.0,,,,catalog returned 0 products,2026-08-15T20:22:29+00:00
2026-08-15,140G-G2C3-C50,digikey,no_match,200.0,,,,catalog returned 0 products,2026-08-15T20:22:30+00:00
2026-08-15,STM32F103ZET6TR,digikey,ok,200.0,exact,STM32F103ZET6TR,52.0,,2026-08-15T20:22:31+00:00
2026-08-15,STM32F103ZGT6,digikey,ok,200.0,exact,STM32F103ZGT6,52.0,,2026-08-15T20:22:32+00:00
2026-08-15,STM32F103ZEH6,digikey,ok,200.0,exact,STM32F103ZEH6,52.0,,2026-08-15T20:22:33+00:00
2026-08-15,STM32F103VET6TR,digikey,ok,200.0,exact,STM32F103VET6TR,52.0,,2026-08-15T20:22:34+00:00
2026-08-15,STM32F103ZET6,digikey,ok,200.0,exact,STM32F103ZET6,52.0,,2026-08-15T20:22:36+00:00
2026-08-15,STM32F103VCT6,digikey,ok,200.0,exact,STM32F103VCT6,52.0,,2026-08-15T20:22:37+00:00
2026-08-15,STM32F103RET6TR,digikey,ok,200.0,exact,STM32F103RET6TR,52.0,,2026-08-15T20:22:38+00:00
2026-08-15,STM32F103RET6,digikey,ok,200.0,exact,STM32F103RET6,52.0,,2026-08-15T20:22:39+00:00
2026-08-15,STM32F103VET6,digikey,ok,200.0,exact,STM32F103VET6,52.0,,2026-08-15T20:22:41+00:00
2026-08-15,STM32F103ZCT6,digikey,ok,200.0,exact,STM32F103ZCT6,52.0,,2026-08-15T20:22:42+00:00
2026-08-15,STM32F103RGT6,digikey,ok,200.0,exact,STM32F103RGT6,52.0,,2026-08-15T20:22:43+00:00
2026-08-15,STM32F103RCT6,digikey,ok,200.0,exact,STM32F103RCT6,52.0,,2026-08-15T20:22:45+00:00
2026-08-15,STM32F103C8T6,digikey,ok,200.0,exact,STM32F103C8T6,40.0,,2026-08-15T20:22:46+00:00
2026-08-15,STM32F103CBT6,digikey,ok,200.0,exact,STM32F103CBT6,40.0,,2026-08-15T20:22:47+00:00
2026-08-15,STM32F103VDT6,digikey,ok,200.0,exact,STM32F103VDT6,52.0,,2026-08-15T20:22:49+00:00
2026-08-15,STM32F103VFT6,digikey,ok,200.0,exact,STM32F103VFT6,52.0,,2026-08-15T20:22:50+00:00
2026-08-15,STM32F103VBT6,digikey,ok,200.0,exact,STM32F103VBT6,52.0,,2026-08-15T20:22:51+00:00
2026-08-15,STM32F103RDT6,digikey,ok,200.0,exact,STM32F103RDT6,52.0,,2026-08-15T20:22:52+00:00
2026-08-15,STM32F103R8T6,digikey,ok,200.0,exact,STM32F103R8T6,52.0,,2026-08-15T20:22:54+00:00
2026-08-15,STM32F103RBT6,digikey,ok,200.0,exact,STM32F103RBT6,52.0,,2026-08-15T20:22:55+00:00
2026-08-15,STM32F103VGT6TR,digikey,ok,200.0,exact,STM32F103VGT6TR,52.0,,2026-08-15T20:22:56+00:00
2026-08-15,STM32F103CBT6TR,digikey,ok,200.0,exact,STM32F103CBT6TR,40.0,,2026-08-15T20:22:58+00:00
2026-08-15,STM32F103ZFT6,digikey,ok,200.0,exact,STM32F103ZFT6,52.0,,2026-08-15T20:22:59+00:00
2026-08-15,STM32F103ZGH6,digikey,ok,200.0,exact,STM32F103ZGH6,52.0,,2026-08-15T20:23:00+00:00
2026-08-15,STM32F103RCT7,digikey,ok,200.0,exact,STM32F103RCT7,52.0,,2026-08-15T20:23:01+00:00
2026-08-15,STM32F103ZDT6,digikey,ok,200.0,exact,STM32F103ZDT6,52.0,,2026-08-15T20:23:03+00:00
2026-08-15,STM32F103CBT7,digikey,ok,200.0,exact,STM32F103CBT7,40.0,,2026-08-15T20:23:04+00:00
2026-08-15,STM32F103T8U6,digikey,ok,200.0,exact,STM32F103T8U6,40.0,,2026-08-15T20:23:05+00:00
2026-08-15,STM32F103RET7,digikey,ok,200.0,exact,STM32F103RET7,52.0,,2026-08-15T20:23:06+00:00
2026-08-15,STM32F103CBU6,digikey,ok,200.0,exact,STM32F103CBU6,40.0,,2026-08-15T20:23:07+00:00
2026-08-15,STM32F103TBU6,digikey,ok,200.0,exact,STM32F103TBU6,40.0,,2026-08-15T20:23:09+00:00
2026-08-15,STM32F103VEH6,digikey,ok,200.0,exact,STM32F103VEH6,52.0,,2026-08-15T20:23:10+00:00
2026-08-15,STM32F103C6T7A,digikey,ok,200.0,exact,STM32F103C6T7A,40.0,,2026-08-15T20:23:11+00:00
2026-08-15,STM32F103RGT6TR,digikey,ok,200.0,exact,STM32F103RGT6TR,52.0,,2026-08-15T20:23:12+00:00
2026-08-15,STM32F103RFT6,digikey,ok,200.0,exact,STM32F103RFT6,52.0,,2026-08-15T20:23:14+00:00
2026-08-15,STM32F103V8T6,digikey,ok,200.0,exact,STM32F103V8T6,52.0,,2026-08-15T20:23:15+00:00
2026-08-15,STM32F103C8T7,digikey,ok,200.0,exact,STM32F103C8T7,40.0,,2026-08-15T20:23:16+00:00
2026-08-15,STM32F103C4T6A,digikey,ok,200.0,exact,STM32F103C4T6A,40.0,,2026-08-15T20:23:18+00:00
2026-08-15,STM32F103VET7,digikey,ok,200.0,exact,STM32F103VET7,52.0,,2026-08-15T20:23:19+00:00
2026-08-15,STM32F103VGT6,digikey,ok,200.0,exact,STM32F103VGT6,52.0,,2026-08-15T20:23:20+00:00
2026-08-15,STM32F103C6T6A,digikey,ok,200.0,exact,STM32F103C6T6A,40.0,,2026-08-15T20:23:21+00:00
2026-08-15,STM32F103ZEH7,digikey,ok,200.0,exact,STM32F103ZEH7,52.0,,2026-08-15T20:23:23+00:00
2026-08-15,STM32F103RCT6TR,digikey,ok,200.0,exact,STM32F103RCT6TR,52.0,,2026-08-15T20:23:24+00:00
2026-08-15,STM32F103T8U7,digikey,ok,200.0,exact,STM32F103T8U7,40.0,,2026-08-15T20:23:25+00:00
2026-08-15,STM32F103ZGT6TR,digikey,ok,200.0,exact,STM32F103ZGT6TR,52.0,,2026-08-15T20:23:26+00:00
2026-08-15,STM32F103RBT6TR,digikey,ok,200.0,exact,STM32F103RBT6TR,52.0,,2026-08-15T20:23:28+00:00
2026-08-15,STM32F103T6U6A,digikey,ok,200.0,exact,STM32F103T6U6A,40.0,,2026-08-15T20:23:29+00:00
2026-08-15,STM32F103R8T7,digikey,ok,200.0,exact,STM32F103R8T7,52.0,,2026-08-15T20:23:30+00:00
2026-08-15,STM32F103VGT7,digikey,ok,200.0,exact,STM32F103VGT7,52.0,,2026-08-15T20:23:31+00:00
2026-08-15,STM32F103VCT6TR,digikey,ok,200.0,exact,STM32F103VCT6TR,52.0,,2026-08-15T20:23:33+00:00
2026-08-15,STM32F103C8T6TR,digikey,ok,200.0,exact,STM32F103C8T6TR,40.0,,2026-08-15T20:23:34+00:00
2026-08-15,STM32F103RCY6TR,digikey,ok,200.0,exact,STM32F103RCY6TR,52.0,,2026-08-15T20:23:35+00:00
2026-08-15,STM32F103VBT7,digikey,ok,200.0,exact,STM32F103VBT7,52.0,,2026-08-15T20:23:37+00:00
2026-08-15,STM32F103VEH7,digikey,ok,200.0,exact,STM32F103VEH7,52.0,,2026-08-15T20:23:38+00:00
2026-08-15,STM32F103REY6TR,digikey,ok,200.0,exact,STM32F103REY6TR,52.0,,2026-08-15T20:23:39+00:00
2026-08-15,STM32F103R8T6TR,digikey,ok,200.0,exact,STM32F103R8T6TR,52.0,,2026-08-15T20:23:40+00:00
2026-08-15,STM32F103VFT6TR,digikey,ok,200.0,exact,STM32F103VFT6TR,52.0,,2026-08-15T20:23:41+00:00
2026-08-15,STM32F103RFT6TR,digikey,ok,200.0,exact,STM32F103RFT6TR,52.0,,2026-08-15T20:23:43+00:00
2026-08-15,STM32F103V8H6,digikey,ok,200.0,exact,STM32F103V8H6,52.0,,2026-08-15T20:23:44+00:00
2026-08-15,STM32F103RBT7,digikey,ok,200.0,exact,STM32F103RBT7,52.0,,2026-08-15T20:23:45+00:00
2026-08-15,STM32F103VBH6,digikey,ok,200.0,exact,STM32F103VBH6,52.0,,2026-08-15T20:23:46+00:00
2026-08-15,STM32F103R6T6A,digikey,ok,200.0,exact,STM32F103R6T6A,52.0,,2026-08-15T20:23:47+00:00
2026-08-15,STM32F103VCH6,digikey,ok,200.0,exact,STM32F103VCH6,52.0,,2026-08-15T20:23:49+00:00
2026-08-15,STM32F103ZCT6TR,digikey,ok,200.0,exact,STM32F103ZCT6TR,52.0,,2026-08-15T20:23:50+00:00
2026-08-15,STM32F103ZCH6,digikey,ok,200.0,exact,STM32F103ZCH6,52.0,,2026-08-15T20:23:51+00:00
2026-08-15,STM32F103RBH6,digikey,ok,200.0,exact,STM32F103RBH6,52.0,,2026-08-15T20:23:52+00:00
2026-08-15,STM32F103VFT7,digikey,ok,200.0,exact,STM32F103VFT7,52.0,,2026-08-15T20:23:54+00:00
2026-08-15,STM32F103RDY6TR,digikey,ok,200.0,exact,STM32F103RDY6TR,52.0,,2026-08-15T20:23:55+00:00
2026-08-15,STM32F103VDT6TR,digikey,ok,200.0,exact,STM32F103VDT6TR,52.0,,2026-08-15T20:23:56+00:00
2026-08-15,STM32F103ZDH6,digikey,ok,200.0,exact,STM32F103ZDH6,52.0,,2026-08-15T20:23:57+00:00
2026-08-15,STM32F103T4U6A,digikey,ok,200.0,exact,STM32F103T4U6A,40.0,,2026-08-15T20:23:58+00:00
2026-08-15,STM32F103T8U7TR,digikey,ok,200.0,exact,STM32F103T8U7TR,40.0,,2026-08-15T20:24:00+00:00
2026-08-15,STM32F103RDT6TR,digikey,ok,200.0,exact,STM32F103RDT6TR,52.0,,2026-08-15T20:24:01+00:00
2026-08-15,STM32F103R4H6A,digikey,ok,200.0,exact,STM32F103R4H6A,52.0,,2026-08-15T20:24:02+00:00
2026-08-15,STM32F103C6U6A,digikey,ok,200.0,exact,STM32F103C6U6A,40.0,,2026-08-15T20:24:03+00:00
2026-08-15,STM32F103R6H6A,digikey,ok,200.0,exact,STM32F103R6H6A,52.0,,2026-08-15T20:24:04+00:00
2026-08-15,STM32F103VDT7,digikey,ok,200.0,exact,STM32F103VDT7,52.0,,2026-08-15T20:24:05+00:00
2026-08-15,STM32F103TBU7,digikey,ok,200.0,exact,STM32F103TBU7,40.0,,2026-08-15T20:24:07+00:00
2026-08-15,STM32F103ZFH6,digikey,ok,200.0,exact,STM32F103ZFH6,52.0,,2026-08-15T20:24:08+00:00
2026-08-15,STM32F103C6T6ATR,digikey,ok,200.0,exact,STM32F103C6T6ATR,40.0,,2026-08-15T20:24:09+00:00
2026-08-15,STM32F103R8H7,digikey,ok,200.0,exact,STM32F103R8H7,52.0,,2026-08-15T20:24:11+00:00
2026-08-15,STM32F103ZGH7,digikey,ok,200.0,exact,STM32F103ZGH7,52.0,,2026-08-15T20:24:12+00:00
2026-08-15,STM32F103T8U6TR,digikey,ok,200.0,exact,STM32F103T8U6TR,40.0,,2026-08-15T20:24:13+00:00
2026-08-15,STM32F103R8H6,digikey,ok,200.0,exact,STM32F103R8H6,52.0,,2026-08-15T20:24:14+00:00
2026-08-15,STM32F103VDH6,digikey,ok,200.0,exact,STM32F103VDH6,52.0,,2026-08-15T20:24:16+00:00
2026-08-15,STM32F103ZET7,digikey,ok,200.0,exact,STM32F103ZET7,52.0,,2026-08-15T20:24:17+00:00
2026-08-15,STM32F103R4T6A,digikey,ok,200.0,exact,STM32F103R4T6A,52.0,,2026-08-15T20:24:18+00:00
2026-08-15,STM32F103ZGH6TR,digikey,ok,200.0,exact,STM32F103ZGH6TR,52.0,,2026-08-15T20:24:19+00:00
2026-08-15,STM32F103R6T7A,digikey,ok,200.0,exact,STM32F103R6T7A,52.0,,2026-08-15T20:24:21+00:00
2026-08-15,STM32F103VBH7,digikey,ok,200.0,exact,STM32F103VBH7,52.0,,2026-08-15T20:24:22+00:00
2026-08-15,STM32F103VBT6TR,digikey,ok,200.0,exact,STM32F103VBT6TR,52.0,,2026-08-15T20:24:23+00:00
2026-08-15,STM32F103ZCT7,digikey,ok,200.0,exact,STM32F103ZCT7,52.0,,2026-08-15T20:24:24+00:00
2026-08-15,STM32F103RBT7TR,digikey,ok,200.0,exact,STM32F103RBT7TR,52.0,,2026-08-15T20:24:26+00:00
2026-08-15,STM32F103RBH7,digikey,ok,200.0,exact,STM32F103RBH7,52.0,,2026-08-15T20:24:27+00:00
2026-08-15,STM32F103CBT7TR,digikey,ok,200.0,exact,STM32F103CBT7TR,40.0,,2026-08-15T20:24:28+00:00
2026-08-15,STM32F103ZDH6TR,digikey,ok,200.0,exact,STM32F103ZDH6TR,52.0,,2026-08-15T20:24:29+00:00
2026-08-15,STM32F103RGT7,digikey,ok,200.0,exact,STM32F103RGT7,52.0,,2026-08-15T20:24:31+00:00
2026-08-15,STM32F103TBU6TR,digikey,ok,200.0,exact,STM32F103TBU6TR,40.0,,2026-08-15T20:24:32+00:00
2026-08-15,STM32F103VDH6TR,digikey,ok,200.0,exact,STM32F103VDH6TR,52.0,,2026-08-15T20:24:33+00:00
2026-08-15,STM32F103C8T7TR,digikey,ok,200.0,exact,STM32F103C8T7TR,40.0,,2026-08-15T20:24:35+00:00
2026-08-15,ATMEGA328PB-MUR,digikey,ok,200.0,exact,ATMEGA328PB-MUR,33.0,,2026-08-15T20:24:36+00:00
2026-08-15,ATMEGA328PB-ANR,digikey,ok,200.0,exact,ATMEGA328PB-ANR,7.0,,2026-08-15T20:24:37+00:00
2026-08-15,ATMEGA328P-MMHR,digikey,ok,200.0,exact,ATMEGA328P-MMHR,28.0,,2026-08-15T20:24:38+00:00
2026-08-15,ATMEGA328PB-AUR,digikey,ok,200.0,exact,ATMEGA328PB-AUR,20.0,,2026-08-15T20:24:39+00:00
2026-08-15,ATMEGA328P-ANR,digikey,ok,200.0,exact,ATMEGA328P-ANR,19.0,,2026-08-15T20:24:40+00:00
2026-08-15,ATMEGA328P-PU,digikey,ok,200.0,exact,ATMEGA328P-PU,32.0,,2026-08-15T20:24:42+00:00
2026-08-15,ATMEGA328PB-MN,digikey,ok,200.0,exact,ATMEGA328PB-MN,33.0,,2026-08-15T20:24:42+00:00
2026-08-15,ATMEGA328-PU,digikey,ok,200.0,exact,ATMEGA328-PU,19.0,,2026-08-15T20:24:44+00:00
2026-08-15,ATMEGA328P-MU,digikey,ok,200.0,exact,ATMEGA328P-MU,4.0,,2026-08-15T20:24:45+00:00
2026-08-15,ATMEGA328-AU,digikey,ok,200.0,exact,ATMEGA328-AU,19.0,,2026-08-15T20:24:46+00:00
2026-08-15,ATMEGA328PB-MU,digikey,ok,200.0,exact,ATMEGA328PB-MU,22.0,,2026-08-15T20:24:48+00:00
2026-08-15,ATMEGA328P-PN,digikey,ok,200.0,exact,ATMEGA328P-PN,19.0,,2026-08-15T20:24:49+00:00
2026-08-15,ATMEGA328P-AUR,digikey,ok,200.0,exact,ATMEGA328P-AUR,28.0,,2026-08-15T20:24:51+00:00
2026-08-15,ATMEGA328PB-AU,digikey,ok,200.0,exact,ATMEGA328PB-AU,20.0,,2026-08-15T20:24:52+00:00
2026-08-15,ATMEGA328P-AN,digikey,ok,200.0,exact,ATMEGA328P-AN,19.0,,2026-08-15T20:24:53+00:00
2026-08-15,ATMEGA328PB-AN,digikey,ok,200.0,exact,ATMEGA328PB-AN,21.0,,2026-08-15T20:24:55+00:00
2026-08-15,ATMEGA328P-AU,digikey,ok,200.0,exact,ATMEGA328P-AU,19.0,,2026-08-15T20:24:56+00:00
2026-08-15,2488,digikey,ok,200.0,exact,2488,10.0,,2026-08-15T20:24:58+00:00
2026-08-15,ATMEGA328P-MUR,digikey,ok,200.0,exact,ATMEGA328P-MUR,4.0,,2026-08-15T20:24:59+00:00
2026-08-15,ATMEGA328-MU,digikey,ok,200.0,exact,ATMEGA328-MU,21.0,,2026-08-15T20:25:00+00:00
2026-08-15,ATMEGA328P-MMH,digikey,ok,200.0,exact,ATMEGA328P-MMH,23.0,,2026-08-15T20:25:02+00:00
2026-08-15,ATMEGA328-AUR,digikey,ok,200.0,exact,ATMEGA328-AUR,19.0,,2026-08-15T20:25:03+00:00
2026-08-15,ATMEGA328-MUR,digikey,ok,200.0,exact,ATMEGA328-MUR,26.0,,2026-08-15T20:25:04+00:00
2026-08-15,ATMEGA328PB-MNR,digikey,ok,200.0,exact,ATMEGA328PB-MNR,33.0,,2026-08-15T20:25:06+00:00
2026-08-15,ATMEGA328P-XMINI,digikey,ok,200.0,exact,ATMEGA328P-XMINI,12.0,,2026-08-15T20:25:07+00:00
2026-08-15,ATMEGA328P-MN,digikey,ok,200.0,exact,ATMEGA328P-MN,30.0,,2026-08-15T20:25:08+00:00
2026-08-15,ATMEGA328-MMH,digikey,ok,200.0,exact,ATMEGA328-MMH,23.0,,2026-08-15T20:25:10+00:00
2026-08-15,ATMEGA328PB-XMINI,digikey,ok,200.0,exact,ATMEGA328PB-XMINI,12.0,,2026-08-15T20:25:11+00:00
2026-08-15,ATMEGA328-MMHR,digikey,ok,200.0,exact,ATMEGA328-MMHR,23.0,,2026-08-15T20:25:12+00:00
2026-08-15,ATMEGA328P-MNR,digikey,ok,200.0,exact,ATMEGA328P-MNR,21.0,,2026-08-15T20:25:13+00:00
2026-08-15,ATMEGA328P-15AZ,digikey,no_match,200.0,,,,catalog returned 0 products,2026-08-15T20:25:15+00:00
2026-08-15,ATMEGA328PB-AUVAO,digikey,no_match,200.0,,,,catalog returned 0 products,2026-08-15T20:25:16+00:00
2026-08-15,2000,digikey,ok,200.0,exact,2000,3.0,,2026-08-15T20:25:17+00:00
2026-08-15,A000005,digikey,ok,200.0,exact,A000005,22.0,,2026-08-15T20:25:18+00:00
2026-08-15,A000073,digikey,ok,200.0,exact,A000073,22.0,,2026-08-15T20:25:20+00:00
2026-08-15,A000066,digikey,ok,200.0,exact,A000066,18.0,,2026-08-15T20:25:21+00:00
2026-08-15,ATMEGA328P-W-NG,digikey,no_match,200.0,,,,catalog returned 0 products,2026-08-15T20:25:22+00:00
2026-08-15,K000007,digikey,ok,200.0,exact,K000007,9.0,,2026-08-15T20:25:23+00:00
2026-08-15,ATMEGA328P-15MZ,digikey,no_match,200.0,,,,catalog returned 0 products,2026-08-15T20:25:26+00:00
2026-08-15,WPK501,digikey,no_lead_time,200.0,exact,WPK501,,"product found, ManufacturerLeadWeeks empty",2026-08-15T20:25:26+00:00
2026-08-15,ATMEGA328PB-ABTVAO,digikey,no_match,200.0,,,,catalog returned 0 products,2026-08-15T20:25:28+00:00
2026-08-15,ATMEGA328PB-AURVAO,digikey,no_match,200.0,,,,catalog returned 0 products,2026-08-15T20:25:29+00:00
2026-08-15,ATMEGA328PB-MBTVAO,digikey,no_match,200.0,,,,catalog returned 0 products,2026-08-15T20:25:29+00:00
2026-08-15,ATMEGA328PAU,digikey,ok,200.0,exact,ATMEGA328P-AU,19.0,,2026-08-15T20:25:30+00:00
2026-08-15,68,digikey,ok,200.0,exact,68,11.0,,2026-08-15T20:25:32+00:00
2026-08-15,DEV-10524,digikey,ok,200.0,contains,10524,12.0,,2026-08-15T20:25:33+00:00
2026-08-15,50,digikey,ok,200.0,exact,50,2.0,,2026-08-15T20:25:35+00:00
2026-08-15,ATMEGA328P-AURA0,digikey,ok,200.0,exact,ATMEGA328P-AURA0,52.0,,2026-08-15T20:25:36+00:00
2026-08-15,DEV-10914,digikey,ok,200.0,contains,10914,12.0,,2026-08-15T20:25:37+00:00
2026-08-15,DEV-10116,digikey,ok,200.0,contains,10116,12.0,,2026-08-15T20:25:39+00:00
2026-08-15,ATMEGA328,digikey,ok,200.0,contains,ATMEGA328PB-MU,22.0,,2026-08-15T20:25:40+00:00
2026-08-15,ATMEGA328P-20MU,digikey,no_match,200.0,,,,catalog returned 0 products,2026-08-15T20:25:41+00:00
2026-08-15,ATMEGA328PV10AU,digikey,no_match,200.0,,,,catalog returned 0 products,2026-08-15T20:25:42+00:00
2026-08-15,ATMEGA328P-AU SL044,digikey,no_match,200.0,,,,catalog returned 0 products,2026-08-15T20:25:43+00:00
2026-08-15,K010007,digikey,ok,200.0,exact,K010007,9.0,,2026-08-15T20:25:44+00:00
2026-08-15,PGM-09825,digikey,ok,200.0,contains,09825,12.0,,2026-08-15T20:25:45+00:00
2026-08-15,110990014,digikey,ok,200.0,exact,110990014,37.0,,2026-08-15T20:25:47+00:00
2026-08-15,102010000,digikey,ok,200.0,exact,102010000,40.0,,2026-08-15T20:25:48+00:00
2026-08-15,DEV-13955,digikey,ok,200.0,contains,13955,12.0,,2026-08-15T20:25:49+00:00
2026-08-15,SWG-19631,digikey,ok,200.0,contains,19631,12.0,,2026-08-15T20:25:50+00:00
2026-08-15,2648,digikey,ok,200.0,exact,2648,5.0,,2026-08-15T20:25:51+00:00
2026-08-15,DEV-13342,digikey,ok,200.0,contains,13342,12.0,,2026-08-15T20:25:53+00:00
2026-08-15,2590,digikey,ok,200.0,exact,2590,4.0,,2026-08-15T20:25:54+00:00
2026-08-15,DEV-13712,digikey,ok,200.0,contains,13712,12.0,,2026-08-15T20:25:56+00:00
2026-08-15,DC2026C-KIT,digikey,ok,200.0,exact,DC2026C-KIT,10.0,,2026-08-15T20:25:57+00:00
2026-08-15,102990824,digikey,ok,200.0,exact,102990824,41.0,,2026-08-15T20:25:58+00:00
2026-08-15,DFR0004,digikey,ok,200.0,exact,DFR0004,9.0,,2026-08-15T20:25:59+00:00
2026-08-15,102010070,digikey,ok,200.0,exact,102010070,40.0,,2026-08-15T20:26:00+00:00
2026-08-15,1405,digikey,ok,200.0,exact,1405,18.0,,2026-08-15T20:26:01+00:00
2026-08-15,X000048,digikey,ok,200.0,exact,X000048,18.0,,2026-08-15T20:26:04+00:00
2026-08-15,102010019,digikey,ok,200.0,exact,102010019,5.0,,2026-08-15T20:26:07+00:00
2026-08-15,WPB100,digikey,no_lead_time,200.0,exact,WPB100,,"product found, ManufacturerLeadWeeks empty",2026-08-15T20:26:08+00:00
2026-08-15,WPB102,digikey,no_match,200.0,,,,catalog returned 0 products,2026-08-15T20:26:10+00:00
2026-08-15,MIKROE-672,digikey,ok,200.0,exact,MIKROE-672,4.0,,2026-08-15T20:26:11+00:00
2026-08-15,102010168,digikey,ok,200.0,exact,102010168,7.0,,2026-08-15T20:26:12+00:00
2026-08-15,DEV-13975,digikey,ok,200.0,contains,13975,12.0,,2026-08-15T20:26:13+00:00
2026-08-15,MIKROE-671,digikey,ok,200.0,exact,MIKROE-671,4.0,,2026-08-15T20:26:15+00:00
2026-08-15,MIKROE-1581,digikey,ok,200.0,exact,MIKROE-1581,4.0,,2026-08-15T20:26:16+00:00
2026-08-15,2010,digikey,ok,200.0,exact,2010,3.0,,2026-08-15T20:26:17+00:00
2026-08-15,DC2026B,digikey,ok,200.0,exact,DC2026B,16.0,,2026-08-15T20:26:19+00:00
2026-08-15,VM800P50A-BK,digikey,ok,200.0,exact,VM800P50A-BK,29.0,,2026-08-15T20:26:20+00:00
2026-08-15,DEV-15164,digikey,ok,200.0,contains,15164,12.0,,2026-08-15T20:26:21+00:00
2026-08-15,DEV-15123,digikey,ok,200.0,contains,15123,12.0,,2026-08-15T20:26:22+00:00
2026-08-15,WIG-11888,digikey,ok,200.0,contains,11888,12.0,,2026-08-15T20:26:23+00:00
2026-08-15,DEV-11113,digikey,ok,200.0,contains,11113,12.0,,2026-08-15T20:26:25+00:00
2026-08-15,NERO-NP1,digikey,ok,200.0,exact,NERO-NP1,29.0,,2026-08-15T20:26:26+00:00
2026-08-15,DFR0296,digikey,ok,200.0,exact,DFR0296,9.0,,2026-08-15T20:26:27+00:00
2026-08-15,DC2026B-KIT,digikey,ok,200.0,exact,DC2026B-KIT,16.0,,2026-08-15T20:26:28+00:00
2026-08-15,DC2026C,digikey,ok,200.0,exact,DC2026C,10.0,,2026-08-15T20:26:29+00:00
2026-08-15,DFR0162,digikey,ok,200.0,exact,DFR0162,9.0,,2026-08-15T20:26:30+00:00
2026-08-15,3046,digikey,ok,200.0,exact,3046,11.0,,2026-08-15T20:26:32+00:00
2026-08-15,2821,digikey,ok,200.0,exact,2821,3.0,,2026-08-15T20:26:33+00:00
2026-08-15,MOD-WIFI-ESP8266-DEV,digikey,ok,200.0,exact,MOD-WIFI-ESP8266-DEV,5.0,,2026-08-15T20:26:34+00:00
2026-08-15,ESP8266-EVB,digikey,ok,200.0,exact,ESP8266-EVB,5.0,,2026-08-15T20:26:36+00:00
2026-08-15,ESP8266-DEVKITS,digikey,ok,200.0,exact,ESP8266-DEVKITS,8.0,,2026-08-15T20:26:38+00:00
2026-08-15,ESP8266-DEVKITC-02U-F,digikey,ok,200.0,exact,ESP8266-DEVKITC-02U-F,8.0,,2026-08-15T20:26:39+00:00
2026-08-15,MOD-WIFI-ESP8266,digikey,ok,200.0,exact,MOD-WIFI-ESP8266,5.0,,2026-08-15T20:26:41+00:00
2026-08-15,3619,digikey,no_lead_time,200.0,exact,3619,,"product found, ManufacturerLeadWeeks empty",2026-08-15T20:26:42+00:00
2026-08-15,3591,digikey,ok,200.0,exact,3591,4.0,,2026-08-15T20:26:43+00:00
2026-08-15,2680,digikey,no_lead_time,200.0,exact,2680,,"product found, ManufacturerLeadWeeks empty",2026-08-15T20:26:45+00:00
2026-08-15,WRL-13231,digikey,ok,200.0,contains,13231,12.0,,2026-08-15T20:26:46+00:00
2026-08-15,WRL-13711,digikey,ok,200.0,contains,13711,12.0,,2026-08-15T20:26:47+00:00
2026-08-15,KIT-15258,digikey,ok,200.0,contains,15258,12.0,,2026-08-15T20:26:49+00:00
2026-08-15,WRL-13804,digikey,ok,200.0,contains,13804,12.0,,2026-08-15T20:26:50+00:00
2026-08-15,WRL-13287,digikey,ok,200.0,contains,13287,12.0,,2026-08-15T20:26:51+00:00
2026-08-15,SK-4DUINO-24,digikey,ok,200.0,exact,SK-4DUINO-24,6.0,,2026-08-15T20:26:52+00:00
2026-08-15,ESP8266-DEVKITC-02D-F,digikey,ok,200.0,exact,ESP8266-DEVKITC-02D-F,8.0,,2026-08-15T20:26:53+00:00
2026-08-15,83-16992,digikey,ok,200.0,fuzzy,UTPSP1MBLY,10.0,,2026-08-15T20:26:54+00:00
2026-08-15,317060016,digikey,ok,200.0,exact,317060016,4.0,,2026-08-15T20:26:56+00:00
2026-08-15,ESP-LAUNCHER,digikey,ok,200.0,exact,ESP-LAUNCHER,8.0,,2026-08-15T20:26:57+00:00
2026-08-15,102110057,digikey,ok,200.0,exact,102110057,4.0,,2026-08-15T20:26:58+00:00
2026-08-15,102110037,digikey,ok,200.0,exact,102110037,37.0,,2026-08-15T20:26:59+00:00
2026-08-15,ESP8266-EVB-BAT-BOX,digikey,ok,200.0,exact,ESP8266-EVB-BAT-BOX,5.0,,2026-08-15T20:27:00+00:00
2026-08-15,ESP8266-EVB-BAT,digikey,ok,200.0,exact,ESP8266-EVB-BAT,5.0,,2026-08-15T20:27:01+00:00
2026-08-15,110020051,digikey,ok,200.0,exact,110020051,40.0,,2026-08-15T20:27:03+00:00
2026-08-15,ESP8266,digikey,ok,200.0,contains,ESP8266EX,6.0,,2026-08-15T20:27:04+00:00
2026-08-15,102991024,digikey,ok,200.0,exact,102991024,4.0,,2026-08-15T20:27:05+00:00
2026-08-15,102991310,digikey,ok,200.0,exact,102991310,32.0,,2026-08-15T20:27:06+00:00
2026-08-15,ESP-12F(ESP8266MOD),digikey,no_match,200.0,,,,catalog returned 0 products,2026-08-15T20:27:08+00:00
2026-08-15,113990234,digikey,ok,200.0,exact,113990234,4.0,,2026-08-15T20:27:08+00:00
2026-08-15,110020050,digikey,ok,200.0,contains,035110020050,5.0,,2026-08-15T20:27:10+00:00
2026-08-15,2491,digikey,ok,200.0,exact,2491,3.0,,2026-08-15T20:27:11+00:00
2026-08-15,110020052,digikey,no_match,200.0,,,,catalog returned 0 products,2026-08-15T20:27:12+00:00
2026-08-15,3213,digikey,ok,200.0,exact,3213,3.0,,2026-08-15T20:27:13+00:00
2026-08-15,32420S,digikey,ok,200.0,exact,32420S,18.0,,2026-08-15T20:27:16+00:00
2026-08-15,4065,digikey,ok,200.0,exact,4065,4.0,,2026-08-15T20:27:17+00:00
2026-08-15,DFR0489,digikey,ok,200.0,exact,DFR0489,9.0,,2026-08-15T20:27:19+00:00
2026-08-15,ESP-07S,digikey,ok,200.0,exact,ESP-07S,12.0,,2026-08-15T20:27:20+00:00
2026-08-15,ESP-12S,digikey,ok,200.0,exact,ESP-12S,12.0,,2026-08-15T20:27:22+00:00
2026-08-15,TEL0118,digikey,ok,200.0,exact,TEL0118,9.0,,2026-08-15T20:27:23+00:00
2026-08-15,GEN4-IOD-24T,digikey,ok,200.0,exact,GEN4-IOD-24T,6.0,,2026-08-15T20:27:24+00:00
2026-08-15,2471,digikey,ok,200.0,exact,2471,11.0,,2026-08-15T20:27:26+00:00
2026-08-15,SK-GEN4-IOD-24T,digikey,ok,200.0,exact,SK-GEN4-IOD-24T,6.0,,2026-08-15T20:27:27+00:00
2026-08-15,U114,digikey,ok,200.0,exact,U114,30.0,,2026-08-15T20:27:28+00:00
2026-08-15,GEN4-IOD-32T,digikey,ok,200.0,exact,GEN4-IOD-32T,6.0,,2026-08-15T20:27:29+00:00
2026-08-15,GEN4-IOD-28T,digikey,ok,200.0,exact,GEN4-IOD-28T,6.0,,2026-08-15T20:27:31+00:00
2026-08-15,32420D,digikey,ok,200.0,exact,32420D,18.0,,2026-08-15T20:27:32+00:00
2026-08-15,4DUINO-24,digikey,ok,200.0,exact,4DUINO-24,6.0,,2026-08-15T20:27:33+00:00
2026-08-15,110020049,digikey,no_match,200.0,,,,catalog returned 0 products,2026-08-15T20:27:35+00:00
2026-08-15,WRL-17146,digikey,ok,200.0,contains,17146,12.0,,2026-08-15T20:27:36+00:00
2026-08-15,110020048,digikey,no_match,200.0,,,,catalog returned 0 products,2026-08-15T20:27:37+00:00
2026-08-15,105990071,digikey,ok,200.0,exact,105990071,33.0,,2026-08-15T20:27:38+00:00
2026-08-15,ESP32-PICO-V3-ZERO-DEVKIT,digikey,ok,200.0,exact,ESP32-PICO-V3-ZERO-DEVKIT,8.0,,2026-08-15T20:27:39+00:00
2026-08-15,3032,digikey,no_lead_time,200.0,exact,3032,,"product found, ManufacturerLeadWeeks empty",2026-08-15T20:27:40+00:00
2026-08-15,102990944,digikey,ok,200.0,exact,102990944,33.0,,2026-08-15T20:27:42+00:00
2026-08-15,113990816,digikey,ok,200.0,exact,113990816,4.0,,2026-08-15T20:27:43+00:00
2026-08-15,ESP-BAT32,digikey,ok,200.0,exact,ESP-BAT32,8.0,,2026-08-15T20:27:44+00:00
2026-08-15,ESP-BAT8,digikey,ok,200.0,exact,ESP-BAT8,8.0,,2026-08-15T20:27:45+00:00
2026-08-15,MIKROE-1769,digikey,ok,200.0,exact,MIKROE-1769,28.0,,2026-08-15T20:27:46+00:00
2026-08-15,3405,digikey,ok,200.0,exact,3405,4.0,,2026-08-15T20:27:48+00:00
2026-08-15,ESP-07,digikey,ok,200.0,contains,PFC0812DE-SP07,40.0,,2026-08-15T20:27:49+00:00
2026-08-15,ESP-12E,digikey,ok,200.0,fuzzy,SP029,5.0,,2026-08-15T20:27:50+00:00
2026-08-15,ESP-01S,digikey,ok,200.0,fuzzy,26580,4.0,,2026-08-15T20:27:52+00:00
2026-08-15,ESP-12F,digikey,no_match,200.0,,,,catalog returned 0 products,2026-08-15T20:27:53+00:00
2026-08-15,ESP-WROOM-02,digikey,ok,200.0,contains,ESP-WROOM-02U-N4,8.0,,2026-08-15T20:27:54+00:00
2026-08-15,ESP8266 ESP-05,digikey,no_match,200.0,,,,catalog returned 0 products,2026-08-15T20:27:55+00:00
2026-08-15,ESP8266 ESP-01S,digikey,ok,200.0,fuzzy,26580,4.0,,2026-08-15T20:27:56+00:00
2026-08-15,ESP8266 ESP-WROOM-32,digikey,no_match,200.0,,,,catalog returned 0 products,2026-08-15T20:27:58+00:00
2026-08-15,CW01,digikey,ok,200.0,contains,CW010100K0JE12,17.0,,2026-08-15T20:27:59+00:00
2026-08-15,2471 HUZZAH,digikey,ok,200.0,contains,2471,4.0,,2026-08-15T20:28:00+00:00
2026-08-15,WRL-13794,digikey,ok,200.0,contains,13794,6.0,,2026-08-15T20:28:01+00:00
2026-08-15,2282,digikey,ok,200.0,exact,2282,4.0,,2026-08-15T20:28:03+00:00
2026-08-15,113020010,digikey,ok,200.0,exact,113020010,2.0,,2026-08-15T20:28:04+00:00
2026-08-15,317060015,digikey,ok,200.0,exact,317060015,4.0,,2026-08-15T20:28:05+00:00
2026-08-15,KIT-15259,digikey,ok,200.0,contains,15259,12.0,,2026-08-15T20:28:06+00:00
2026-08-15,317060019,digikey,ok,200.0,exact,317060019,21.0,,2026-08-15T20:28:08+00:00
2026-08-15,WPB107,digikey,no_lead_time,200.0,exact,WPB107,,"product found, ManufacturerLeadWeeks empty",2026-08-15T20:28:09+00:00
2026-08-15,VMA107,digikey,no_match,200.0,,,,catalog returned 0 products,2026-08-15T20:28:10+00:00
2026-08-15,113990105,digikey,ok,200.0,exact,113990105,5.0,,2026-08-15T20:28:11+00:00
2026-08-15,83-16993,digikey,ok,200.0,fuzzy,UTPSP1MBUY,10.0,,2026-08-15T20:28:12+00:00
2026-08-15,1818207,digikey,no_match,200.0,,,,catalog returned 0 products,2026-08-15T20:28:13+00:00
2026-08-15,PIS-1035,digikey,ok,200.0,exact,PIS-1035,6.0,,2026-08-15T20:28:14+00:00
2026-08-15,A000135,digikey,ok,200.0,exact,A000135,8.0,,2026-08-15T20:28:16+00:00
2026-08-15,PIM145,digikey,ok,200.0,exact,PIM145,4.0,,2026-08-15T20:28:17+00:00
2026-08-15,MOD-WIFI-ESP8266-BOXED,digikey,ok,200.0,exact,MOD-WIFI-ESP8266-BOXED,5.0,,2026-08-15T20:28:18+00:00
2026-08-15,3210,digikey,ok,200.0,exact,3210,3.0,,2026-08-15T20:28:19+00:00
2026-08-15,CW02,digikey,ok,200.0,contains,CRCW02010000Z0ED,23.0,,2026-08-15T20:28:21+00:00
2026-08-15,ESP-WROOM-S2,digikey,ok,200.0,exact,ESP-WROOM-S2,8.0,,2026-08-15T20:28:22+00:00
2026-08-15,KIT-14682,digikey,ok,200.0,contains,14682,12.0,,2026-08-15T20:28:23+00:00
2026-08-15,SRCI024-EVB-1,digikey,ok,200.0,exact,SRCI024-EVB-1,4.0,,2026-08-15T20:28:24+00:00
2026-08-15,ESP32-VAQUITA-DSPG,digikey,ok,200.0,exact,ESP32-VAQUITA-DSPG,8.0,,2026-08-15T20:28:28+00:00
2026-08-15,ESP8266MOD,digikey,ok,200.0,fuzzy,SP029,5.0,,2026-08-15T20:28:29+00:00
2026-08-15,ESP32-C6-DEVKITC-1-N8,digikey,ok,200.0,exact,ESP32-C6-DEVKITC-1-N8,12.0,,2026-08-15T20:28:31+00:00
2026-08-15,ESP32-C6-DEVKITM-1-N4,digikey,ok,200.0,exact,ESP32-C6-DEVKITM-1-N4,12.0,,2026-08-15T20:28:32+00:00
2026-08-15,ESP32-S3-DEVKITC-1-N8R8,digikey,ok,200.0,exact,ESP32-S3-DEVKITC-1-N8R8,8.0,,2026-08-15T20:28:33+00:00
2026-08-15,ESP THREAD BR-ZIGBEE GW,digikey,ok,200.0,exact,ESP THREAD BR-ZIGBEE GW,8.0,,2026-08-15T20:28:34+00:00
2026-08-15,ESP32-D0WD-V3,digikey,ok,200.0,exact,ESP32-D0WD-V3,4.0,,2026-08-15T20:28:36+00:00
2026-08-15,ESP32-DEVKITC-VE,digikey,ok,200.0,exact,ESP32-DEVKITC-VE,8.0,,2026-08-15T20:28:37+00:00
2026-08-15,ESP32-H2-DEVKITM-1-N4,digikey,ok,200.0,exact,ESP32-H2-DEVKITM-1-N4,8.0,,2026-08-15T20:28:38+00:00
2026-08-15,ESP32-WROOM-32UE-N4,digikey,ok,200.0,exact,ESP32-WROOM-32UE-N4,8.0,,2026-08-15T20:28:40+00:00
2026-08-15,ESP32-DEVKITC-32E,digikey,ok,200.0,exact,ESP32-DEVKITC-32E,8.0,,2026-08-15T20:28:41+00:00
2026-08-15,ESP32-C3-DEVKIT-RUST-1,digikey,ok,200.0,exact,ESP32-C3-DEVKIT-RUST-1,8.0,,2026-08-15T20:28:42+00:00
2026-08-15,ESP32-DEVKITM-1,digikey,ok,200.0,exact,ESP32-DEVKITM-1,8.0,,2026-08-15T20:28:43+00:00
2026-08-15,ESP32-DEVKITC-VIE,digikey,ok,200.0,exact,ESP32-DEVKITC-VIE,8.0,,2026-08-15T20:28:44+00:00
2026-08-15,ESP32-S3-EYE,digikey,ok,200.0,exact,ESP32-S3-EYE,4.0,,2026-08-15T20:28:45+00:00
2026-08-15,ESP32-S3-DEVKITM-1-N8,digikey,ok,200.0,exact,ESP32-S3-DEVKITM-1-N8,8.0,,2026-08-15T20:28:47+00:00
2026-08-15,ESP32-PICO-V3,digikey,ok,200.0,exact,ESP32-PICO-V3,8.0,,2026-08-15T20:28:48+00:00
2026-08-15,ESP32-S3-WROOM-1-N8,digikey,ok,200.0,exact,ESP32-S3-WROOM-1-N8,8.0,,2026-08-15T20:28:49+00:00
2026-08-15,ESP32-C3-WROOM-02-N4,digikey,ok,200.0,exact,ESP32-C3-WROOM-02-N4,8.0,,2026-08-15T20:28:50+00:00
2026-08-15,ESP32-S2,digikey,ok,200.0,exact,ESP32-S2,6.0,,2026-08-15T20:28:52+00:00
2026-08-15,ESP32-WROVER-E-N16R8,digikey,ok,200.0,exact,ESP32-WROVER-E-N16R8,8.0,,2026-08-15T20:28:53+00:00
2026-08-15,ESP32-WROVER-E-N8R8,digikey,ok,200.0,exact,ESP32-WROVER-E-N8R8,8.0,,2026-08-15T20:28:54+00:00
2026-08-15,ESP32-C3-MINI-1-H4,digikey,ok,200.0,exact,ESP32-C3-MINI-1-H4,8.0,,2026-08-15T20:28:55+00:00
2026-08-15,ESP32-C6-MINI-1-N4,digikey,ok,200.0,exact,ESP32-C6-MINI-1-N4,8.0,,2026-08-15T20:28:58+00:00
2026-08-15,ESP32-WROOM-32E-N8,digikey,ok,200.0,exact,ESP32-WROOM-32E-N8,8.0,,2026-08-15T20:29:00+00:00
2026-08-15,ESP32-S3-WROOM-1-N16R8,digikey,ok,200.0,exact,ESP32-S3-WROOM-1-N16R8,8.0,,2026-08-15T20:29:01+00:00
2026-08-15,ESP32-S3-MINI-1-N8,digikey,ok,200.0,exact,ESP32-S3-MINI-1-N8,8.0,,2026-08-15T20:29:02+00:00
2026-08-15,ESP32-WROOM-32UE-N16,digikey,ok,200.0,exact,ESP32-WROOM-32UE-N16,8.0,,2026-08-15T20:29:03+00:00
2026-08-15,ESP32-C3,digikey,ok,200.0,exact,ESP32-C3,6.0,,2026-08-15T20:29:05+00:00
2026-08-15,ESP32-WROOM-32E-N4,digikey,ok,200.0,exact,ESP32-WROOM-32E-N4,8.0,,2026-08-15T20:29:06+00:00
2026-08-15,ESP32-C6-WROOM-1-N4,digikey,ok,200.0,exact,ESP32-C6-WROOM-1-N4,8.0,,2026-08-15T20:29:07+00:00
2026-08-15,ESP-WROOM-02D-N4,digikey,ok,200.0,exact,ESP-WROOM-02D-N4,8.0,,2026-08-15T20:29:08+00:00
2026-08-15,ESP-WROOM-02D-N2,digikey,ok,200.0,exact,ESP-WROOM-02D-N2,8.0,,2026-08-15T20:29:10+00:00
2026-08-15,ESP32-WROOM-32UE-N8,digikey,ok,200.0,exact,ESP32-WROOM-32UE-N8,8.0,,2026-08-15T20:29:11+00:00
2026-08-15,ESP32-WROVER-IE-N16R8,digikey,ok,200.0,exact,ESP32-WROVER-IE-N16R8,8.0,,2026-08-15T20:29:12+00:00
2026-08-15,ESP32-S3-WROOM-1-N16,digikey,ok,200.0,exact,ESP32-S3-WROOM-1-N16,8.0,,2026-08-15T20:29:13+00:00
2026-08-15,ESP32-S3-WROOM-1-N8R8,digikey,ok,200.0,exact,ESP32-S3-WROOM-1-N8R8,8.0,,2026-08-15T20:29:15+00:00
2026-08-15,ESP32-PICO-D4,digikey,ok,200.0,exact,ESP32-PICO-D4,8.0,,2026-08-15T20:29:16+00:00
2026-08-15,ESP8285N08,digikey,ok,200.0,exact,ESP8285N08,4.0,,2026-08-15T20:29:17+00:00
2026-08-15,ESP32-S3R8,digikey,ok,200.0,exact,ESP32-S3R8,6.0,,2026-08-15T20:29:19+00:00
2026-08-15,ESP32-WROVER-IE-N4R8,digikey,ok,200.0,exact,ESP32-WROVER-IE-N4R8,8.0,,2026-08-15T20:29:20+00:00
2026-08-15,ESP-WROOM-02U-N2,digikey,ok,200.0,exact,ESP-WROOM-02U-N2,8.0,,2026-08-15T20:29:21+00:00
2026-08-15,ESP32-WROVER-E-N4R8,digikey,ok,200.0,exact,ESP32-WROVER-E-N4R8,8.0,,2026-08-15T20:29:23+00:00
2026-08-15,ESP32-WROVER-IE-N8R8,digikey,ok,200.0,exact,ESP32-WROVER-IE-N8R8,8.0,,2026-08-15T20:29:24+00:00
2026-08-15,ESP32-C3-MINI-1-N4,digikey,ok,200.0,exact,ESP32-C3-MINI-1-N4,8.0,,2026-08-15T20:29:25+00:00
2026-08-15,ESP32-S3-BOX-3,digikey,ok,200.0,exact,ESP32-S3-BOX-3,8.0,,2026-08-15T20:29:26+00:00
2026-08-15,ESP32-S3-WROOM-1U-N16R8,digikey,ok,200.0,exact,ESP32-S3-WROOM-1U-N16R8,8.0,,2026-08-15T20:29:28+00:00
2026-08-15,ESP32-S3FN8,digikey,ok,200.0,exact,ESP32-S3FN8,8.0,,2026-08-15T20:29:29+00:00
2026-08-15,ESP32-S2-MINI-1U-N4,digikey,ok,200.0,exact,ESP32-S2-MINI-1U-N4,8.0,,2026-08-15T20:29:31+00:00
2026-08-15,ESP32-PICO-MINI-02-N8R2,digikey,ok,200.0,exact,ESP32-PICO-MINI-02-N8R2,12.0,,2026-08-15T20:29:32+00:00
2026-08-15,ESP32-S3-WROOM-1U-N4,digikey,ok,200.0,exact,ESP32-S3-WROOM-1U-N4,8.0,,2026-08-15T20:29:33+00:00
2026-08-15,GD25LQ32DNIGR,digikey,ok,200.0,exact,GD25LQ32DNIGR,10.0,,2026-08-15T20:29:35+00:00
2026-08-15,GD25D05CTIGR,digikey,ok,200.0,exact,GD25D05CTIGR,10.0,,2026-08-15T20:29:36+00:00
2026-08-15,GD32F130G4U6TR,digikey,no_match,200.0,,,,catalog returned 0 products,2026-08-15T20:29:37+00:00
2026-08-15,GD25Q16CSFGR,digikey,no_match,200.0,,,,catalog returned 0 products,2026-08-15T20:29:38+00:00
2026-08-15,GD25Q256DFIG,digikey,ok,200.0,contains,GD25Q256DFIGR,12.0,,2026-08-15T20:29:39+00:00
2026-08-15,MLG0603P43NHT000,digikey,ok,200.0,exact,MLG0603P43NHT000,12.0,,2026-08-15T20:29:40+00:00
2026-08-15,GD25Q128ESIGR,digikey,ok,200.0,exact,GD25Q128ESIGR,52.0,,2026-08-15T20:29:41+00:00
2026-08-15,GD25Q64CSIGR,digikey,ok,200.0,exact,GD25Q64CSIGR,16.0,,2026-08-15T20:29:42+00:00
2026-08-15,GD25LQ32CSIGR,digikey,no_match,200.0,,,,catalog returned 0 products,2026-08-15T20:29:44+00:00
2026-08-15,GD25LQ40BTIGR,digikey,no_match,200.0,,,,catalog returned 0 products,2026-08-15T20:29:44+00:00
2026-08-15,GD25Q256CFIGR,digikey,no_match,200.0,,,,catalog returned 0 products,2026-08-15T20:29:45+00:00
2026-08-15,GD32F350C8T6,digikey,no_match,200.0,,,,catalog returned 0 products,2026-08-15T20:29:46+00:00
2026-08-15,GD32F107ZGT6,digikey,no_match,200.0,,,,catalog returned 0 products,2026-08-15T20:29:47+00:00
2026-08-15,GD55X01GEBIRY,digikey,ok,200.0,exact,GD55X01GEBIRY,52.0,,2026-08-15T20:29:48+00:00
2026-08-15,GD25Q32CWIGR,digikey,ok,200.0,exact,GD25Q32CWIGR,16.0,,2026-08-15T20:29:50+00:00
2026-08-15,GD25Q80CTIGR,digikey,ok,200.0,exact,GD25Q80CTIGR,16.0,,2026-08-15T20:29:51+00:00
2026-08-15,GD25LE32DLIGR,digikey,no_match,200.0,,,,catalog returned 0 products,2026-08-15T20:29:52+00:00
2026-08-15,GD5F1GQ4UBYIGR,digikey,no_match,200.0,,,,catalog returned 0 products,2026-08-15T20:29:53+00:00
2026-08-15,GD32F450VKT6,digikey,no_match,200.0,,,,catalog returned 0 products,2026-08-15T20:29:54+00:00
2026-08-15,GD25D10BUIGR,digikey,no_match,200.0,,,,catalog returned 0 products,2026-08-15T20:29:55+00:00
2026-08-15,GD25D10CTIGR,digikey,ok,200.0,exact,GD25D10CTIGR,10.0,,2026-08-15T20:29:56+00:00
2026-08-15,GD25Q40CTIGR,digikey,ok,200.0,exact,GD25Q40CTIGR,16.0,,2026-08-15T20:29:57+00:00
2026-08-15,GD25Q20CTIGR,digikey,ok,200.0,exact,GD25Q20CTIGR,16.0,,2026-08-15T20:29:58+00:00
2026-08-15,GD25Q16CSIGR,digikey,ok,200.0,exact,GD25Q16CSIGR,16.0,,2026-08-15T20:29:59+00:00
2026-08-15,GD25Q127CYIGR,digikey,ok,200.0,exact,GD25Q127CYIGR,10.0,,2026-08-15T20:30:00+00:00
2026-08-15,GD25Q32CSIGR,digikey,ok,200.0,exact,GD25Q32CSIGR,16.0,,2026-08-15T20:30:02+00:00
2026-08-15,GD25Q20CEIGR,digikey,ok,200.0,exact,GD25Q20CEIGR,16.0,,2026-08-15T20:30:03+00:00
2026-08-15,GD25Q16ESIGR,digikey,ok,200.0,exact,GD25Q16ESIGR,14.0,,2026-08-15T20:30:04+00:00
2026-08-15,GD25Q64ESIGR,digikey,ok,200.0,exact,GD25Q64ESIGR,14.0,,2026-08-15T20:30:05+00:00
2026-08-15,GD25LQ16ESIGR,digikey,ok,200.0,exact,GD25LQ16ESIGR,14.0,,2026-08-15T20:30:07+00:00
2026-08-15,GD25Q80ESIGR,digikey,ok,200.0,exact,GD25Q80ESIGR,14.0,,2026-08-15T20:30:08+00:00
2026-08-15,GD25LQ128ESIGR,digikey,ok,200.0,exact,GD25LQ128ESIGR,52.0,,2026-08-15T20:30:09+00:00
2026-08-15,GD25WQ128ESIGR,digikey,ok,200.0,exact,GD25WQ128ESIGR,52.0,,2026-08-15T20:30:10+00:00
2026-08-15,GD25Q32ESIGR,digikey,ok,200.0,exact,GD25Q32ESIGR,14.0,,2026-08-15T20:30:12+00:00
2026-08-15,GD25Q80CNIGR,digikey,no_match,200.0,,,,catalog returned 0 products,2026-08-15T20:30:13+00:00
2026-08-15,GD25B512MEYIGR,digikey,ok,200.0,exact,GD25B512MEYIGR,52.0,,2026-08-15T20:30:14+00:00
2026-08-15,GD25WQ16ESIGR,digikey,ok,200.0,exact,GD25WQ16ESIGR,14.0,,2026-08-15T20:30:15+00:00
2026-08-15,GD25Q256EWIGR,digikey,ok,200.0,exact,GD25Q256EWIGR,52.0,,2026-08-15T20:30:16+00:00
2026-08-15,GD25D10CKIGR,digikey,ok,200.0,exact,GD25D10CKIGR,8.0,,2026-08-15T20:30:48+00:00
2026-08-15,GD25WQ64ENIGR,digikey,ok,200.0,exact,GD25WQ64ENIGR,14.0,,2026-08-15T20:30:50+00:00
2026-08-15,GD25Q16ETIGR,digikey,ok,200.0,exact,GD25Q16ETIGR,14.0,,2026-08-15T20:30:51+00:00
2026-08-15,GD25Q32CNIGR,digikey,ok,200.0,exact,GD25Q32CNIGR,16.0,,2026-08-15T20:30:52+00:00
2026-08-15,GD25B64EWIGR,digikey,ok,200.0,exact,GD25B64EWIGR,14.0,,2026-08-15T20:30:53+00:00
2026-08-15,GD25Q20ESIGR,digikey,ok,200.0,exact,GD25Q20ESIGR,8.0,,2026-08-15T20:30:55+00:00
2026-08-15,GD25Q128EFIRR,digikey,ok,200.0,exact,GD25Q128EFIRR,52.0,,2026-08-15T20:30:56+00:00
2026-08-15,GD25WQ64EQIGR,digikey,ok,200.0,exact,GD25WQ64EQIGR,14.0,,2026-08-15T20:30:57+00:00
2026-08-15,GD25LQ80ETIGR,digikey,ok,200.0,exact,GD25LQ80ETIGR,14.0,,2026-08-15T20:30:59+00:00
2026-08-15,GD25F128FS2GR,digikey,ok,200.0,exact,GD25F128FS2GR,52.0,,2026-08-15T20:31:00+00:00
2026-08-15,RF430FRL152HEVM,digikey,ok,200.0,exact,RF430FRL152HEVM,12.0,,2026-08-15T20:31:01+00:00
2026-08-15,INA223EVM,digikey,ok,200.0,exact,INA223EVM,12.0,,2026-08-15T20:31:02+00:00
2026-08-15,DRV8860EVM,digikey,ok,200.0,exact,DRV8860EVM,12.0,,2026-08-15T20:31:04+00:00
2026-08-15,UCD3138064EVM-166,digikey,ok,200.0,exact,UCD3138064EVM-166,12.0,,2026-08-15T20:31:05+00:00
2026-08-15,TPS386000EVM-736,digikey,ok,200.0,exact,TPS386000EVM-736,12.0,,2026-08-15T20:31:08+00:00
2026-08-15,TMP107EVM,digikey,ok,200.0,exact,TMP107EVM,12.0,,2026-08-15T20:31:09+00:00
2026-08-15,INA230EVM,digikey,ok,200.0,exact,INA230EVM,12.0,,2026-08-15T20:31:10+00:00
2026-08-15,TMP112EVM,digikey,ok,200.0,exact,TMP112EVM,12.0,,2026-08-15T20:31:11+00:00
2026-08-15,TPS54240EVM-605,digikey,ok,200.0,exact,TPS54240EVM-605,12.0,,2026-08-15T20:31:13+00:00
2026-08-15,DRV10963AEVM,digikey,ok,200.0,exact,DRV10963AEVM,12.0,,2026-08-15T20:31:14+00:00
2026-08-15,DRV8303EVM,digikey,ok,200.0,exact,DRV8303EVM,12.0,,2026-08-15T20:31:15+00:00
2026-08-15,LMR14030SEVM,digikey,ok,200.0,exact,LMR14030SEVM,12.0,,2026-08-15T20:31:16+00:00
2026-08-15,SN74LS393N,digikey,ok,200.0,exact,SN74LS393N,9.0,,2026-08-15T20:31:17+00:00
2026-08-15,CC2500EMK,digikey,ok,200.0,exact,CC2500EMK,12.0,,2026-08-15T20:31:19+00:00
2026-08-15,DRV8885EVM,digikey,ok,200.0,exact,DRV8885EVM,12.0,,2026-08-15T20:31:20+00:00
2026-08-15,DRV8412DDWEVM,digikey,ok,200.0,exact,DRV8412DDWEVM,12.0,,2026-08-15T20:31:21+00:00
2026-08-15,CD74HCT4511E,digikey,ok,200.0,exact,CD74HCT4511E,9.0,,2026-08-15T20:31:23+00:00
2026-08-15,CC1190RGVT,digikey,ok,200.0,exact,CC1190RGVT,16.0,,2026-08-15T20:31:24+00:00
2026-08-15,TPS61032EVM-208,digikey,ok,200.0,exact,TPS61032EVM-208,12.0,,2026-08-15T20:31:25+00:00
2026-08-15,BT-MSPAUDSOURCE,digikey,ok,200.0,exact,BT-MSPAUDSOURCE,99.0,,2026-08-15T20:31:27+00:00
2026-08-15,CC2530EMK,digikey,ok,200.0,exact,CC2530EMK,12.0,,2026-08-15T20:31:28+00:00
2026-08-15,TSC2046EIPW,digikey,ok,200.0,exact,TSC2046EIPW,9.0,,2026-08-15T20:31:29+00:00
2026-08-15,DRV8841EVM,digikey,ok,200.0,exact,DRV8841EVM,12.0,,2026-08-15T20:31:30+00:00
2026-08-15,DRV8842EVM,digikey,ok,200.0,exact,DRV8842EVM,12.0,,2026-08-15T20:31:32+00:00
2026-08-15,LM317DCY,digikey,ok,200.0,exact,LM317DCY,9.0,,2026-08-15T20:31:33+00:00
2026-08-15,CD74HC237E,digikey,ok,200.0,exact,CD74HC237E,9.0,,2026-08-15T20:31:34+00:00
2026-08-15,TPS767D325PWP,digikey,ok,200.0,exact,TPS767D325PWP,26.0,,2026-08-15T20:31:36+00:00
2026-08-15,UCC28950PW,digikey,ok,200.0,exact,UCC28950PW,16.0,,2026-08-15T20:31:37+00:00
2026-08-15,TPS55340EVM-147,digikey,ok,200.0,exact,TPS55340EVM-147,12.0,,2026-08-15T20:31:38+00:00
2026-08-15,INA2128UA,digikey,ok,200.0,exact,INA2128UA,9.0,,2026-08-15T20:31:40+00:00
2026-08-15,CD74HC4040E,digikey,ok,200.0,exact,CD74HC4040E,9.0,,2026-08-15T20:31:41+00:00
2026-08-15,TAS5760XXEVM,digikey,ok,200.0,exact,TAS5760XXEVM,12.0,,2026-08-15T20:31:43+00:00
2026-08-15,INA2128U,digikey,ok,200.0,exact,INA2128U,9.0,,2026-08-15T20:31:45+00:00
2026-08-15,TPD2S017DBVR,digikey,ok,200.0,exact,TPD2S017DBVR,16.0,,2026-08-15T20:31:46+00:00
2026-08-15,PGA206PA,digikey,ok,200.0,exact,PGA206PA,26.0,,2026-08-15T20:31:47+00:00
2026-08-15,TPS61165DRVR,digikey,ok,200.0,exact,TPS61165DRVR,9.0,,2026-08-15T20:31:48+00:00
2026-08-15,TPS23752EVM-145,digikey,ok,200.0,exact,TPS23752EVM-145,12.0,,2026-08-15T20:31:49+00:00
2026-08-15,OPA861ID,digikey,ok,200.0,exact,OPA861ID,9.0,,2026-08-15T20:31:51+00:00
2026-08-15,TS3A5017PWR,digikey,ok,200.0,exact,TS3A5017PWR,16.0,,2026-08-15T20:31:52+00:00
2026-08-15,TPS780330220DDCT,digikey,ok,200.0,exact,TPS780330220DDCT,9.0,,2026-08-15T20:31:53+00:00
2026-08-15,SN74LS32N,digikey,ok,200.0,exact,SN74LS32N,9.0,,2026-08-15T20:31:55+00:00
2026-08-15,INA333AIDGKR,digikey,ok,200.0,exact,INA333AIDGKR,16.0,,2026-08-15T20:31:56+00:00
2026-08-15,LM339PW,digikey,ok,200.0,exact,LM339PW,18.0,,2026-08-15T20:31:57+00:00
2026-08-15,SN74LVC74AD,digikey,ok,200.0,exact,SN74LVC74AD,16.0,,2026-08-15T20:31:59+00:00
2026-08-15,SN74HC03N,digikey,ok,200.0,exact,SN74HC03N,9.0,,2026-08-15T20:32:00+00:00
2026-08-15,TPS54060EVM-590,digikey,ok,200.0,exact,TPS54060EVM-590,12.0,,2026-08-15T20:32:02+00:00
2026-08-15,TPS2041BDGN,digikey,ok,200.0,exact,TPS2041BDGN,12.0,,2026-08-15T20:32:03+00:00
2026-08-15,SN74LVC1G139DCUT,digikey,ok,200.0,exact,SN74LVC1G139DCUT,9.0,,2026-08-15T20:32:04+00:00
2026-08-15,LM34919CQSD/NOPB,digikey,ok,200.0,exact,LM34919CQSD/NOPB,9.0,,2026-08-15T20:32:06+00:00
2026-08-15,TPS5402EVM,digikey,ok,200.0,exact,TPS5402EVM,12.0,,2026-08-15T20:32:07+00:00
2026-08-15,BOOSTXL-DRV8305EVM,digikey,ok,200.0,exact,BOOSTXL-DRV8305EVM,12.0,,2026-08-15T20:32:08+00:00
2026-08-15,TFP410MPAPREP,digikey,ok,200.0,exact,TFP410MPAPREP,26.0,,2026-08-15T20:32:09+00:00
2026-08-15,UA78M33CDCY,digikey,ok,200.0,exact,UA78M33CDCY,9.0,,2026-08-15T20:32:11+00:00
2026-08-15,TPS2052BDR,digikey,ok,200.0,exact,TPS2052BDR,9.0,,2026-08-15T20:32:12+00:00
2026-08-15,TUSB8020BPHP,digikey,ok,200.0,exact,TUSB8020BPHP,26.0,,2026-08-15T20:32:13+00:00
2026-08-15,INA330AIDGST,digikey,ok,200.0,exact,INA330AIDGST,16.0,,2026-08-15T20:32:16+00:00
2026-08-15,TPS55340EVM-017,digikey,ok,200.0,exact,TPS55340EVM-017,12.0,,2026-08-15T20:32:18+00:00
2026-08-15,INA118UB,digikey,ok,200.0,exact,INA118UB,16.0,,2026-08-15T20:32:19+00:00
2026-08-15,TL1963AEVM,digikey,ok,200.0,exact,TL1963AEVM,12.0,,2026-08-15T20:32:20+00:00
2026-08-15,TPS54226EVM-539,digikey,ok,200.0,exact,TPS54226EVM-539,12.0,,2026-08-15T20:32:21+00:00
2026-08-15,INA101KU,digikey,ok,200.0,exact,INA101KU,16.0,,2026-08-15T20:32:23+00:00
2026-08-15,CDCE62005RGZT,digikey,ok,200.0,exact,CDCE62005RGZT,26.0,,2026-08-15T20:32:24+00:00
2026-08-15,UCD3138OL64EVM-031,digikey,ok,200.0,exact,UCD3138OL64EVM-031,12.0,,2026-08-15T20:32:25+00:00
2026-08-15,TMDSRM48HDK,digikey,ok,200.0,exact,TMDSRM48HDK,12.0,,2026-08-15T20:32:26+00:00
2026-08-15,REF2025AIDDCT,digikey,ok,200.0,exact,REF2025AIDDCT,26.0,,2026-08-15T20:32:28+00:00
2026-08-15,TPS2511DGN,digikey,ok,200.0,exact,TPS2511DGN,16.0,,2026-08-15T20:32:29+00:00
2026-08-15,DEM-OPA-SOT-1A,digikey,ok,200.0,exact,DEM-OPA-SOT-1A,12.0,,2026-08-15T20:32:30+00:00
2026-08-15,TLV1117LV33EVM-714,digikey,ok,200.0,exact,TLV1117LV33EVM-714,12.0,,2026-08-15T20:32:31+00:00
2026-08-15,INA2126U,digikey,ok,200.0,exact,INA2126U,9.0,,2026-08-15T20:32:33+00:00
2026-08-15,SN74LVC541ADW,digikey,ok,200.0,exact,SN74LVC541ADW,16.0,,2026-08-15T20:32:34+00:00
2026-08-15,CSD17575Q3T,digikey,ok,200.0,exact,CSD17575Q3T,16.0,,2026-08-15T20:32:37+00:00
2026-08-15,TLV70433DBVT,digikey,ok,200.0,exact,TLV70433DBVT,16.0,,2026-08-15T20:32:38+00:00
2026-08-15,CSD88537NDT,digikey,ok,200.0,exact,CSD88537NDT,16.0,,2026-08-15T20:32:39+00:00
2026-08-15,CD74AC244E,digikey,ok,200.0,exact,CD74AC244E,16.0,,2026-08-15T20:32:40+00:00
2026-08-15,INA101HP,digikey,ok,200.0,exact,INA101HP,16.0,,2026-08-15T20:32:42+00:00
2026-08-15,TLC59116IPWR,digikey,ok,200.0,exact,TLC59116IPWR,16.0,,2026-08-15T20:32:43+00:00
2026-08-15,SN75453BP,digikey,ok,200.0,exact,SN75453BP,9.0,,2026-08-15T20:32:44+00:00
2026-08-15,UC2855BDW,digikey,ok,200.0,exact,UC2855BDW,16.0,,2026-08-15T20:32:46+00:00
2026-08-15,UCC27524AD,digikey,ok,200.0,exact,UCC27524AD,16.0,,2026-08-15T20:32:47+00:00
2026-08-15,CSD23285F5T,digikey,ok,200.0,exact,CSD23285F5T,16.0,,2026-08-15T20:32:48+00:00
2026-08-15,CD74HC123PWR,digikey,ok,200.0,exact,CD74HC123PWR,9.0,,2026-08-15T20:32:50+00:00
2026-08-15,LP2985AIM5X-3.3/NOPB,digikey,ok,200.0,exact,LP2985AIM5X-3.3/NOPB,16.0,,2026-08-15T20:32:51+00:00
2026-08-15,MC79L05ACLP,digikey,ok,200.0,exact,MC79L05ACLP,9.0,,2026-08-15T20:32:52+00:00
2026-08-15,UCC27524DGN,digikey,ok,200.0,exact,UCC27524DGN,16.0,,2026-08-15T20:32:54+00:00
2026-08-15,PGA870IRHDT,digikey,ok,200.0,exact,PGA870IRHDT,9.0,,2026-08-15T20:32:55+00:00
2026-08-15,LM211D,digikey,ok,200.0,exact,LM211D,30.0,,2026-08-15T20:32:56+00:00
2026-08-15,CSD17313Q2,digikey,ok,200.0,exact,CSD17313Q2,16.0,,2026-08-15T20:32:57+00:00
2026-08-15,SN74LS06D,digikey,ok,200.0,exact,SN74LS06D,9.0,,2026-08-15T20:32:59+00:00
2026-08-15,SN74HC125DR,digikey,ok,200.0,exact,SN74HC125DR,9.0,,2026-08-15T20:33:00+00:00
2026-08-15,TS3USB221EDRCR,digikey,ok,200.0,exact,TS3USB221EDRCR,9.0,,2026-08-15T20:33:02+00:00
2026-08-15,LP2951-33D,digikey,ok,200.0,exact,LP2951-33D,26.0,,2026-08-15T20:33:03+00:00
2026-08-15,CD4001UBE,digikey,ok,200.0,exact,CD4001UBE,16.0,,2026-08-15T20:33:04+00:00
2026-08-15,TPD4S014DSQR,digikey,ok,200.0,exact,TPD4S014DSQR,26.0,,2026-08-15T20:33:06+00:00
2026-08-15,DRV8701EVM,digikey,ok,200.0,exact,DRV8701EVM,12.0,,2026-08-15T20:33:07+00:00
2026-08-15,UC3845AD8,digikey,ok,200.0,exact,UC3845AD8,6.0,,2026-08-15T20:33:08+00:00
2026-08-15,TPS7A8300RGRT,digikey,ok,200.0,exact,TPS7A8300RGRT,16.0,,2026-08-15T20:33:09+00:00
2026-08-15,SN74CB3Q3306APW,digikey,ok,200.0,exact,SN74CB3Q3306APW,18.0,,2026-08-15T20:33:10+00:00
2026-08-15,CSD17577Q5AT,digikey,ok,200.0,exact,CSD17577Q5AT,9.0,,2026-08-15T20:33:12+00:00
2026-08-15,CSD18537NQ5AT,digikey,ok,200.0,exact,CSD18537NQ5AT,16.0,,2026-08-15T20:33:13+00:00
2026-08-15,REF3333AIDBZT,digikey,ok,200.0,exact,REF3333AIDBZT,9.0,,2026-08-15T20:33:14+00:00
2026-08-15,TMS320VC5402PGE100,digikey,ok,200.0,exact,TMS320VC5402PGE100,26.0,,2026-08-15T20:33:15+00:00
2026-08-15,TMS320VC5509APGE,digikey,ok,200.0,exact,TMS320VC5509APGE,26.0,,2026-08-15T20:33:16+00:00
2026-08-15,TMS320F2809PZQ,digikey,ok,200.0,exact,TMS320F2809PZQ,26.0,,2026-08-15T20:33:18+00:00
2026-08-15,TMS320C5515AZCHA12,digikey,ok,200.0,exact,TMS320C5515AZCHA12,26.0,,2026-08-15T20:33:19+00:00
2026-08-15,TMS320C6678ACYPA,digikey,ok,200.0,exact,TMS320C6678ACYPA,26.0,,2026-08-15T20:33:20+00:00
2026-08-15,TMS320C6713BZDP300,digikey,ok,200.0,exact,TMS320C6713BZDP300,26.0,,2026-08-15T20:33:22+00:00
2026-08-15,TMS320C6713BZDP225,digikey,ok,200.0,exact,TMS320C6713BZDP225,26.0,,2026-08-15T20:33:23+00:00
2026-08-15,TMS320C5515AZCH12,digikey,ok,200.0,exact,TMS320C5515AZCH12,26.0,,2026-08-15T20:33:23+00:00
2026-08-15,TMS320VC5502PGF300,digikey,ok,200.0,exact,TMS320VC5502PGF300,26.0,,2026-08-15T20:33:25+00:00
2026-08-15,TMS320F2808PZA,digikey,ok,200.0,exact,TMS320F2808PZA,26.0,,2026-08-15T20:33:26+00:00
2026-08-15,ADS1256EVM-PDK,digikey,ok,200.0,exact,ADS1256EVM-PDK,12.0,,2026-08-15T20:33:27+00:00
2026-08-15,TMS320VC5501PGF300,digikey,ok,200.0,exact,TMS320VC5501PGF300,26.0,,2026-08-15T20:33:29+00:00
2026-08-15,TMS320C6720BRFP200,digikey,ok,200.0,exact,TMS320C6720BRFP200,26.0,,2026-08-15T20:33:30+00:00
2026-08-15,TMDSDOCK28335,digikey,ok,200.0,exact,TMDSDOCK28335,12.0,,2026-08-15T20:33:31+00:00
2026-08-15,TPS75003RHLT,digikey,ok,200.0,exact,TPS75003RHLT,26.0,,2026-08-15T20:33:33+00:00
2026-08-15,TMS320VC5404PGE,digikey,ok,200.0,exact,TMS320VC5404PGE,26.0,,2026-08-15T20:33:34+00:00
2026-08-15,TMS320F2812PGFQ,digikey,ok,200.0,exact,TMS320F2812PGFQ,26.0,,2026-08-15T20:33:35+00:00
2026-08-15,DM3730CUS,digikey,ok,200.0,exact,DM3730CUS,26.0,,2026-08-15T20:33:36+00:00
2026-08-15,TMS320C6657CZH,digikey,ok,200.0,exact,TMS320C6657CZH,26.0,,2026-08-15T20:33:38+00:00
2026-08-15,TMS320C6657CZHA,digikey,ok,200.0,exact,TMS320C6657CZHA,26.0,,2026-08-15T20:33:40+00:00
2026-08-15,EK-TM4C1294XL,digikey,ok,200.0,exact,EK-TM4C1294XL,12.0,,2026-08-15T20:33:41+00:00
2026-08-15,DM3730CUSD100,digikey,ok,200.0,exact,DM3730CUSD100,26.0,,2026-08-15T20:33:43+00:00
2026-08-15,TMS320VC5410APGE12,digikey,ok,200.0,exact,TMS320VC5410APGE12,26.0,,2026-08-15T20:33:44+00:00
2026-08-15,TLC7524CN,digikey,ok,200.0,exact,TLC7524CN,16.0,,2026-08-15T20:33:45+00:00
2026-08-15,TMDS570LS31HDK,digikey,ok,200.0,exact,TMDS570LS31HDK,12.0,,2026-08-15T20:33:47+00:00
2026-08-15,TMS320F28069PZPS,digikey,ok,200.0,exact,TMS320F28069PZPS,26.0,,2026-08-15T20:33:48+00:00
2026-08-15,TMS320C6654CZH8,digikey,ok,200.0,exact,TMS320C6654CZH8,26.0,,2026-08-15T20:33:50+00:00
2026-08-15,TLC7524ID,digikey,ok,200.0,exact,TLC7524ID,9.0,,2026-08-15T20:33:52+00:00
2026-08-15,TMS320C6713BGDP300,digikey,ok,200.0,exact,TMS320C6713BGDP300,26.0,,2026-08-15T20:33:53+00:00
2026-08-15,TMS320C6727BZDH300,digikey,ok,200.0,exact,TMS320C6727BZDH300,26.0,,2026-08-15T20:33:54+00:00
2026-08-15,TMSDC6727BZDHA250,digikey,ok,200.0,exact,TMSDC6727BZDHA250,26.0,,2026-08-15T20:33:55+00:00
2026-08-15,TMS32C6713BGDPA200,digikey,ok,200.0,exact,TMS32C6713BGDPA200,26.0,,2026-08-15T20:33:57+00:00
2026-08-15,TMS320C5504AZCH12,digikey,ok,200.0,exact,TMS320C5504AZCH12,26.0,,2026-08-15T20:33:58+00:00
2026-08-15,TMS320F2812PGFA,digikey,ok,200.0,exact,TMS320F2812PGFA,26.0,,2026-08-15T20:33:59+00:00
2026-08-15,TMS320C6722BRFP200,digikey,ok,200.0,exact,TMS320C6722BRFP200,26.0,,2026-08-15T20:34:01+00:00
2026-08-15,TMS320C6455BCTZ,digikey,ok,200.0,exact,TMS320C6455BCTZ,26.0,,2026-08-15T20:34:02+00:00
2026-08-15,TMS32C6713BZDPA200,digikey,ok,200.0,exact,TMS32C6713BZDPA200,26.0,,2026-08-15T20:34:03+00:00
2026-08-15,TPS56300PWP,digikey,ok,200.0,exact,TPS56300PWP,9.0,,2026-08-15T20:34:04+00:00
2026-08-15,UC2854BDW,digikey,ok,200.0,exact,UC2854BDW,9.0,,2026-08-15T20:34:06+00:00
2026-08-15,TMSDC6722BRFPA225,digikey,ok,200.0,exact,TMSDC6722BRFPA225,26.0,,2026-08-15T20:34:07+00:00
2026-08-15,TMS320C6455BCTZA,digikey,ok,200.0,exact,TMS320C6455BCTZA,26.0,,2026-08-15T20:34:09+00:00
2026-08-15,TLC7524CD,digikey,ok,200.0,exact,TLC7524CD,16.0,,2026-08-15T20:34:10+00:00
2026-08-15,TMS320C6722BRFP250,digikey,ok,200.0,exact,TMS320C6722BRFP250,26.0,,2026-08-15T20:34:11+00:00
2026-08-15,TMS320LF2407APGES,digikey,ok,200.0,exact,TMS320LF2407APGES,26.0,,2026-08-15T20:34:12+00:00
2026-08-15,TMS320C6418ZTS600,digikey,ok,200.0,exact,TMS320C6418ZTS600,26.0,,2026-08-15T20:34:13+00:00
2026-08-15,PCM4202DBT,digikey,ok,200.0,exact,PCM4202DBT,9.0,,2026-08-15T20:34:15+00:00
2026-08-15,TMS320F2810PBKA,digikey,ok,200.0,exact,TMS320F2810PBKA,26.0,,2026-08-15T20:34:18+00:00
2026-08-15,TMS320DM8168CCYG2,digikey,ok,200.0,exact,TMS320DM8168CCYG2,26.0,,2026-08-15T20:34:19+00:00
2026-08-15,OMAP5910JZDY2,digikey,ok,200.0,exact,OMAP5910JZDY2,26.0,,2026-08-15T20:34:20+00:00
2026-08-15,INA114BU,digikey,ok,200.0,exact,INA114BU,16.0,,2026-08-15T20:34:21+00:00
2026-08-15,INA141U,digikey,ok,200.0,exact,INA141U,9.0,,2026-08-15T20:34:23+00:00
2026-08-15,TLC271CP,digikey,ok,200.0,exact,TLC271CP,9.0,,2026-08-15T20:34:24+00:00
2026-08-15,OPA2322SAIDGST,digikey,ok,200.0,exact,OPA2322SAIDGST,9.0,,2026-08-15T20:34:26+00:00
2026-08-15,THS4521IDGKT,digikey,ok,200.0,exact,THS4521IDGKT,16.0,,2026-08-15T20:34:27+00:00
2026-08-15,TL071CP,digikey,ok,200.0,exact,TL071CP,9.0,,2026-08-15T20:34:28+00:00
2026-08-15,THS4541IRGTT,digikey,ok,200.0,exact,THS4541IRGTT,9.0,,2026-08-15T20:34:29+00:00
2026-08-15,OPA625IDBVT,digikey,ok,200.0,exact,OPA625IDBVT,9.0,,2026-08-15T20:34:31+00:00
2026-08-15,THS4130IDGN,digikey,ok,200.0,exact,THS4130IDGN,53.0,,2026-08-15T20:34:32+00:00
2026-08-15,INA827AIDGK,digikey,ok,200.0,exact,INA827AIDGK,9.0,,2026-08-15T20:34:33+00:00
2026-08-15,INA2133UA,digikey,ok,200.0,exact,INA2133UA,9.0,,2026-08-15T20:34:35+00:00
2026-08-15,INA210AIDCKT,digikey,ok,200.0,exact,INA210AIDCKT,9.0,,2026-08-15T20:34:36+00:00
2026-08-15,THS4503CD,digikey,ok,200.0,exact,THS4503CD,16.0,,2026-08-15T20:34:37+00:00
2026-08-15,OPA172IDBVT,digikey,ok,200.0,exact,OPA172IDBVT,9.0,,2026-08-15T20:34:39+00:00
2026-08-15,PGA203KP,digikey,ok,200.0,exact,PGA203KP,26.0,,2026-08-15T20:34:40+00:00
2026-08-15,OPA4170AIPWR,digikey,ok,200.0,exact,OPA4170AIPWR,16.0,,2026-08-15T20:34:41+00:00
2026-08-15,TLC27M4AIN,digikey,ok,200.0,exact,TLC27M4AIN,16.0,,2026-08-15T20:34:43+00:00
2026-08-15,TAS5760MDAP,digikey,ok,200.0,exact,TAS5760MDAP,26.0,,2026-08-15T20:34:44+00:00
2026-08-15,LMV551MF/NOPB,digikey,ok,200.0,exact,LMV551MF/NOPB,9.0,,2026-08-15T20:34:45+00:00
2026-08-15,TPA3123D2PWP,digikey,ok,200.0,exact,TPA3123D2PWP,26.0,,2026-08-15T20:34:46+00:00
2026-08-15,LM358ADGKR,digikey,ok,200.0,exact,LM358ADGKR,9.0,,2026-08-15T20:34:48+00:00
2026-08-15,NE5532AP,digikey,ok,200.0,exact,NE5532AP,16.0,,2026-08-15T20:34:49+00:00
2026-08-15,INA128PA,digikey,ok,200.0,exact,INA128PA,9.0,,2026-08-15T20:34:51+00:00
2026-08-15,LF353DR,digikey,ok,200.0,exact,LF353DR,16.0,,2026-08-15T20:34:52+00:00
2026-08-15,THS4531IDR,digikey,ok,200.0,exact,THS4531IDR,16.0,,2026-08-15T20:34:54+00:00
2026-08-15,LMV551MG/NOPB,digikey,ok,200.0,exact,LMV551MG/NOPB,9.0,,2026-08-15T20:34:55+00:00
2026-08-15,OPA4171AIPWR,digikey,ok,200.0,exact,OPA4171AIPWR,16.0,,2026-08-15T20:34:57+00:00
2026-08-15,LMP8480MME-S/NOPB,digikey,ok,200.0,exact,LMP8480MME-S/NOPB,6.0,,2026-08-15T20:34:58+00:00
2026-08-15,LF347BD,digikey,ok,200.0,exact,LF347BD,6.0,,2026-08-15T20:34:59+00:00
2026-08-15,TLC27M4IPWR,digikey,ok,200.0,exact,TLC27M4IPWR,16.0,,2026-08-15T20:35:00+00:00
2026-08-15,TLC2274ACDR,digikey,ok,200.0,exact,TLC2274ACDR,16.0,,2026-08-15T20:35:02+00:00
2026-08-15,OPA2333AIDGKR,digikey,ok,200.0,exact,OPA2333AIDGKR,16.0,,2026-08-15T20:35:03+00:00
2026-08-15,LM2904PW,digikey,ok,200.0,exact,LM2904PW,53.0,,2026-08-15T20:35:04+00:00
2026-08-15,TLV271CD,digikey,ok,200.0,exact,TLV271CD,9.0,,2026-08-15T20:35:06+00:00
2026-08-15,OPA314AIDBVT,digikey,ok,200.0,exact,OPA314AIDBVT,9.0,,2026-08-15T20:35:07+00:00
2026-08-15,AD835ARZ,digikey,ok,200.0,exact,AD835ARZ,20.0,,2026-08-15T20:35:08+00:00
2026-08-15,ADG202AKNZ,digikey,ok,200.0,exact,ADG202AKNZ,23.0,,2026-08-15T20:35:10+00:00
2026-08-15,TMP36GT9Z,digikey,ok,200.0,exact,TMP36GT9Z,10.0,,2026-08-15T20:35:11+00:00
2026-08-15,EVAL-ADUC7061MKZ,digikey,ok,200.0,exact,EVAL-ADUC7061MKZ,10.0,,2026-08-15T20:35:12+00:00
2026-08-15,AD7625BCPZ,digikey,ok,200.0,exact,AD7625BCPZ,35.0,,2026-08-15T20:35:14+00:00
2026-08-15,AD7934BRUZ,digikey,ok,200.0,exact,AD7934BRUZ,10.0,,2026-08-15T20:35:15+00:00
2026-08-15,DG419CY+,digikey,ok,200.0,exact,DG419CY+,10.0,,2026-08-15T20:35:16+00:00
2026-08-15,AD9288BSTZ-100,digikey,ok,200.0,exact,AD9288BSTZ-100,11.0,,2026-08-15T20:35:18+00:00
2026-08-15,AD7989-1BRMZ,digikey,ok,200.0,exact,AD7989-1BRMZ,10.0,,2026-08-15T20:35:19+00:00
2026-08-15,AD7367BRUZ,digikey,ok,200.0,exact,AD7367BRUZ,21.0,,2026-08-15T20:35:20+00:00
2026-08-15,AD5755BCPZ-REEL7,digikey,ok,200.0,exact,AD5755BCPZ-REEL7,28.0,,2026-08-15T20:35:22+00:00
2026-08-15,AD1674KNZ,digikey,ok,200.0,exact,AD1674KNZ,10.0,,2026-08-15T20:35:23+00:00
2026-08-15,ADG619BRTZ-REEL7,digikey,ok,200.0,exact,ADG619BRTZ-REEL7,16.0,,2026-08-15T20:35:25+00:00
2026-08-15,ADG811YRUZ,digikey,ok,200.0,exact,ADG811YRUZ,10.0,,2026-08-15T20:35:26+00:00
2026-08-15,AD7689ACPZ,digikey,ok,200.0,exact,AD7689ACPZ,28.0,,2026-08-15T20:35:27+00:00
2026-08-15,ADG821BRMZ,digikey,ok,200.0,exact,ADG821BRMZ,17.0,,2026-08-15T20:35:28+00:00
2026-08-15,AD5691RBRMZ,digikey,ok,200.0,exact,AD5691RBRMZ,35.0,,2026-08-15T20:35:30+00:00
2026-08-15,AD7302BNZ,digikey,ok,200.0,exact,AD7302BNZ,10.0,,2026-08-15T20:35:31+00:00
2026-08-15,AD420ARZ-32,digikey,ok,200.0,exact,AD420ARZ-32,11.0,,2026-08-15T20:35:32+00:00
2026-08-15,MAX319ESA+,digikey,ok,200.0,exact,MAX319ESA+,10.0,,2026-08-15T20:35:34+00:00
2026-08-15,AD9215BRUZ-105,digikey,ok,200.0,exact,AD9215BRUZ-105,20.0,,2026-08-15T20:35:35+00:00
2026-08-15,ADG819BRMZ,digikey,ok,200.0,exact,ADG819BRMZ,10.0,,2026-08-15T20:35:36+00:00
2026-08-15,ADG719BRMZ,digikey,ok,200.0,exact,ADG719BRMZ,18.0,,2026-08-15T20:35:38+00:00
2026-08-15,AD7304BRUZ,digikey,ok,200.0,exact,AD7304BRUZ,10.0,,2026-08-15T20:35:39+00:00
2026-08-15,ADG712BRZ,digikey,ok,200.0,exact,ADG712BRZ,39.0,,2026-08-15T20:35:41+00:00
2026-08-15,AD7908BRUZ,digikey,ok,200.0,exact,AD7908BRUZ,14.0,,2026-08-15T20:35:42+00:00
2026-08-15,AD8110ASTZ,digikey,ok,200.0,exact,AD8110ASTZ,10.0,,2026-08-15T20:35:43+00:00
2026-08-15,AD7324BRUZ,digikey,ok,200.0,exact,AD7324BRUZ,11.0,,2026-08-15T20:35:45+00:00
2026-08-15,AD7366BRUZ-5,digikey,ok,200.0,exact,AD7366BRUZ-5,10.0,,2026-08-15T20:35:46+00:00
2026-08-15,AD7610BSTZ,digikey,ok,200.0,exact,AD7610BSTZ,25.0,,2026-08-15T20:35:48+00:00
2026-08-15,AD7329BRUZ,digikey,ok,200.0,exact,AD7329BRUZ,10.0,,2026-08-15T20:35:49+00:00
2026-08-15,AD5693RBRMZ,digikey,ok,200.0,exact,AD5693RBRMZ,39.0,,2026-08-15T20:35:51+00:00
2026-08-15,AD5693RARMZ,digikey,ok,200.0,exact,AD5693RARMZ,39.0,,2026-08-15T20:35:52+00:00
2026-08-15,AD7466BRMZ,digikey,ok,200.0,exact,AD7466BRMZ,10.0,,2026-08-15T20:35:53+00:00
2026-08-15,AD7680ARMZ,digikey,ok,200.0,exact,AD7680ARMZ,10.0,,2026-08-15T20:35:55+00:00
2026-08-15,AD828ARZ,digikey,ok,200.0,exact,AD828ARZ,10.0,,2026-08-15T20:35:56+00:00
2026-08-15,AD7367BRUZ-5,digikey,ok,200.0,exact,AD7367BRUZ-5,21.0,,2026-08-15T20:35:57+00:00
2026-08-15,AD7693BRMZ,digikey,ok,200.0,exact,AD7693BRMZ,10.0,,2026-08-15T20:35:58+00:00
2026-08-15,AD7478AARMZ,digikey,ok,200.0,exact,AD7478AARMZ,10.0,,2026-08-15T20:36:00+00:00
2026-08-15,AD7266BSUZ,digikey,ok,200.0,exact,AD7266BSUZ,24.0,,2026-08-15T20:36:01+00:00
2026-08-15,AD1674BRZ,digikey,ok,200.0,exact,AD1674BRZ,39.0,,2026-08-15T20:36:02+00:00
2026-08-15,AD9481BSUZ-250,digikey,ok,200.0,exact,AD9481BSUZ-250,10.0,,2026-08-15T20:36:04+00:00
2026-08-15,AD7323BRUZ,digikey,ok,200.0,exact,AD7323BRUZ,12.0,,2026-08-15T20:36:05+00:00
2026-08-15,AD8109ASTZ,digikey,ok,200.0,exact,AD8109ASTZ,10.0,,2026-08-15T20:36:06+00:00
2026-08-15,AD8108ASTZ,digikey,ok,200.0,exact,AD8108ASTZ,10.0,,2026-08-15T20:36:07+00:00
2026-08-15,AD9245BCPZ-80,digikey,ok,200.0,exact,AD9245BCPZ-80,10.0,,2026-08-15T20:36:08+00:00
2026-08-15,AD7914BRUZ,digikey,ok,200.0,exact,AD7914BRUZ,16.0,,2026-08-15T20:36:10+00:00
2026-08-15,AD7302BRZ,digikey,ok,200.0,exact,AD7302BRZ,10.0,,2026-08-15T20:36:11+00:00
2026-08-15,AD7762BSVZ,digikey,ok,200.0,exact,AD7762BSVZ,10.0,,2026-08-15T20:36:12+00:00
2026-08-15,AD7946BRMZ,digikey,ok,200.0,exact,AD7946BRMZ,10.0,,2026-08-15T20:36:14+00:00
2026-08-15,AD1674JNZ,digikey,ok,200.0,exact,AD1674JNZ,39.0,,2026-08-15T20:36:15+00:00
2026-08-15,AD7194BCPZ,digikey,ok,200.0,exact,AD7194BCPZ,39.0,,2026-08-15T20:36:16+00:00
2026-08-15,AD7091RBRMZ,digikey,ok,200.0,exact,AD7091RBRMZ,10.0,,2026-08-15T20:36:18+00:00
2026-08-15,AD7677ASTZ,digikey,ok,200.0,exact,AD7677ASTZ,10.0,,2026-08-15T20:36:19+00:00
2026-08-15,AD7470ARUZ,digikey,ok,200.0,exact,AD7470ARUZ,10.0,,2026-08-15T20:36:20+00:00
2026-08-15,AD7922ARMZ,digikey,ok,200.0,exact,AD7922ARMZ,10.0,,2026-08-15T20:36:22+00:00
2026-08-15,AD7226KNZ,digikey,ok,200.0,exact,AD7226KNZ,10.0,,2026-08-15T20:36:23+00:00
2026-08-15,AD7682BCPZ,digikey,ok,200.0,exact,AD7682BCPZ,30.0,,2026-08-15T20:36:24+00:00
2026-08-15,AD7993BRUZ-1,digikey,ok,200.0,exact,AD7993BRUZ-1,10.0,,2026-08-15T20:36:26+00:00
2026-08-15,AD7328BRUZ,digikey,ok,200.0,exact,AD7328BRUZ,10.0,,2026-08-15T20:36:27+00:00
2026-08-15,AD7687BRMZ,digikey,ok,200.0,exact,AD7687BRMZ,10.0,,2026-08-15T20:36:29+00:00
2026-08-15,AD7091R-4BRUZ,digikey,ok,200.0,exact,AD7091R-4BRUZ,19.0,,2026-08-15T20:36:30+00:00
2026-08-15,ADG508AKNZ,digikey,ok,200.0,exact,ADG508AKNZ,10.0,,2026-08-15T20:36:31+00:00
2026-08-15,AD7767BRUZ-2,digikey,ok,200.0,exact,AD7767BRUZ-2,39.0,,2026-08-15T20:36:33+00:00
2026-08-15,AD574AJNZ,digikey,ok,200.0,exact,AD574AJNZ,10.0,,2026-08-15T20:36:34+00:00
2026-08-15,AD677JNZ,digikey,ok,200.0,exact,AD677JNZ,39.0,,2026-08-15T20:36:35+00:00
2026-08-15,AD7193BRUZ,digikey,ok,200.0,exact,AD7193BRUZ,11.0,,2026-08-15T20:36:36+00:00
2026-08-15,AD7366BRUZ,digikey,ok,200.0,exact,AD7366BRUZ,23.0,,2026-08-15T20:36:38+00:00
2026-08-15,AD7478ARTZ-REEL7,digikey,ok,200.0,exact,AD7478ARTZ-REEL7,15.0,,2026-08-15T20:36:40+00:00
2026-08-15,AD5060ARJZ-1500RL7,digikey,ok,200.0,exact,AD5060ARJZ-1500RL7,35.0,,2026-08-15T20:36:42+00:00
2026-08-15,ADG408BNZ,digikey,ok,200.0,exact,ADG408BNZ,11.0,,2026-08-15T20:36:43+00:00
2026-08-15,ADP121UJZ-REDYKIT,digikey,ok,200.0,exact,ADP121UJZ-REDYKIT,10.0,,2026-08-15T20:36:44+00:00
2026-08-15,AD7686CRMZ,digikey,ok,200.0,exact,AD7686CRMZ,10.0,,2026-08-15T20:36:45+00:00
2026-08-15,AD7708BRUZ,digikey,ok,200.0,exact,AD7708BRUZ,26.0,,2026-08-15T20:36:47+00:00
2026-08-15,ADG734BRUZ,digikey,ok,200.0,exact,ADG734BRUZ,33.0,,2026-08-15T20:36:48+00:00
2026-08-15,AD5541ARZ,digikey,ok,200.0,exact,AD5541ARZ,39.0,,2026-08-15T20:36:49+00:00
2026-08-15,AD7797BRUZ,digikey,ok,200.0,exact,AD7797BRUZ,10.0,,2026-08-15T20:36:51+00:00
2026-08-15,AD7656BSTZ-1,digikey,ok,200.0,exact,AD7656BSTZ-1,27.0,,2026-08-15T20:36:52+00:00
2026-08-15,AD7665ASTZ,digikey,ok,200.0,exact,AD7665ASTZ,21.0,,2026-08-15T20:36:53+00:00
2026-08-15,AD7718BRZ,digikey,ok,200.0,exact,AD7718BRZ,10.0,,2026-08-15T20:36:55+00:00
2026-08-15,AD7688BRMZ,digikey,ok,200.0,exact,AD7688BRMZ,10.0,,2026-08-15T20:36:56+00:00
2026-08-15,AD7691BRMZ,digikey,ok,200.0,exact,AD7691BRMZ,10.0,,2026-08-15T20:36:58+00:00
2026-08-15,AD7730BRZ,digikey,ok,200.0,exact,AD7730BRZ,10.0,,2026-08-15T20:36:59+00:00
2026-08-15,AD7176-2BRUZ,digikey,ok,200.0,exact,AD7176-2BRUZ,19.0,,2026-08-15T20:37:00+00:00
2026-08-15,ADG712BRUZ,digikey,ok,200.0,exact,ADG712BRUZ,28.0,,2026-08-15T20:37:02+00:00
2026-08-15,AD7190BRUZ,digikey,ok,200.0,exact,AD7190BRUZ,19.0,,2026-08-15T20:37:03+00:00
2026-08-15,ADG419BRZ,digikey,ok,200.0,exact,ADG419BRZ,23.0,,2026-08-15T20:37:04+00:00
2026-08-15,AD7694BRMZ,digikey,ok,200.0,exact,AD7694BRMZ,10.0,,2026-08-15T20:37:06+00:00
2026-08-15,AD811JRZ,digikey,ok,200.0,exact,AD811JRZ,10.0,,2026-08-15T20:37:07+00:00
2026-08-15,AD7686BRMZ,digikey,ok,200.0,exact,AD7686BRMZ,10.0,,2026-08-15T20:37:09+00:00
2026-08-15,AD7654ASTZ,digikey,ok,200.0,exact,AD7654ASTZ,18.0,,2026-08-15T20:37:10+00:00
2026-08-15,AD5305BRMZ,digikey,ok,200.0,exact,AD5305BRMZ,11.0,,2026-08-15T20:37:11+00:00
2026-08-15,ADG719BRTZ-REEL7,digikey,ok,200.0,exact,ADG719BRTZ-REEL7,16.0,,2026-08-15T20:37:13+00:00
2026-08-15,AD7994BRUZ-1,digikey,ok,200.0,exact,AD7994BRUZ-1,17.0,,2026-08-15T20:37:14+00:00
2026-08-15,AD7790BRMZ,digikey,ok,200.0,exact,AD7790BRMZ,10.0,,2026-08-15T20:37:15+00:00
2026-08-15,AD7327BRUZ,digikey,ok,200.0,exact,AD7327BRUZ,10.0,,2026-08-15T20:37:16+00:00
2026-08-15,AD7714YNZ,digikey,ok,200.0,exact,AD7714YNZ,13.0,,2026-08-15T20:37:18+00:00
2026-08-15,ADG849YKSZ-500RL7,digikey,ok,200.0,exact,ADG849YKSZ-500RL7,10.0,,2026-08-15T20:37:19+00:00
2026-08-15,ADG408BRZ,digikey,ok,200.0,exact,ADG408BRZ,39.0,,2026-08-15T20:37:20+00:00
2026-08-15,AD7738BRUZ,digikey,ok,200.0,exact,AD7738BRUZ,10.0,,2026-08-15T20:37:22+00:00
2026-08-15,ADSP-BF536BBCZ-3A,digikey,ok,200.0,exact,ADSP-BF536BBCZ-3A,19.0,,2026-08-15T20:37:23+00:00
2026-08-15,ADSP-BF548BBCZ-5A,digikey,ok,200.0,exact,ADSP-BF548BBCZ-5A,10.0,,2026-08-15T20:37:24+00:00
2026-08-15,ADSP-BF592KCPZ-2,digikey,ok,200.0,exact,ADSP-BF592KCPZ-2,14.0,,2026-08-15T20:37:25+00:00
2026-08-15,ADSP-BF536BBCZ-4A,digikey,ok,200.0,exact,ADSP-BF536BBCZ-4A,19.0,,2026-08-15T20:37:26+00:00
2026-08-15,ADSP-21369KSWZ-4A,digikey,ok,200.0,exact,ADSP-21369KSWZ-4A,10.0,,2026-08-15T20:37:28+00:00
2026-08-15,AD5410AREZ-REEL7,digikey,ok,200.0,exact,AD5410AREZ-REEL7,39.0,,2026-08-15T20:37:29+00:00
2026-08-15,AD5764ASUZ,digikey,ok,200.0,exact,AD5764ASUZ,10.0,,2026-08-15T20:37:30+00:00
2026-08-15,ADSP-BF609BBCZ-5,digikey,ok,200.0,exact,ADSP-BF609BBCZ-5,19.0,,2026-08-15T20:37:31+00:00
2026-08-15,AD5063BRMZ,digikey,ok,200.0,exact,AD5063BRMZ,10.0,,2026-08-15T20:37:32+00:00
2026-08-15,ADSP-BF533SBBZ500,digikey,ok,200.0,exact,ADSP-BF533SBBZ500,11.0,,2026-08-15T20:37:34+00:00
2026-08-15,AD7811YRUZ,digikey,ok,200.0,exact,AD7811YRUZ,10.0,,2026-08-15T20:37:35+00:00
2026-08-15,AD7811YRZ,digikey,ok,200.0,exact,AD7811YRZ,10.0,,2026-08-15T20:37:36+00:00
2026-08-15,AD5063BRMZ-REEL7,digikey,ok,200.0,exact,AD5063BRMZ-REEL7,10.0,,2026-08-15T20:37:38+00:00
2026-08-15,AD7606BSTZ-6,digikey,ok,200.0,exact,AD7606BSTZ-6,10.0,,2026-08-15T20:37:39+00:00
2026-08-15,AD5410AREZ,digikey,ok,200.0,exact,AD5410AREZ,39.0,,2026-08-15T20:37:40+00:00
2026-08-15,AD5310BRMZ,digikey,ok,200.0,exact,AD5310BRMZ,10.0,,2026-08-15T20:37:42+00:00
2026-08-15,AD7812YRZ,digikey,ok,200.0,exact,AD7812YRZ,10.0,,2026-08-15T20:37:43+00:00
2026-08-15,AD5412AREZ-REEL7,digikey,ok,200.0,exact,AD5412AREZ-REEL7,35.0,,2026-08-15T20:37:44+00:00
2026-08-15,AD4020BRMZ,digikey,ok,200.0,exact,AD4020BRMZ,32.0,,2026-08-15T20:37:46+00:00
2026-08-15,AD5722AREZ,digikey,ok,200.0,exact,AD5722AREZ,31.0,,2026-08-15T20:37:47+00:00
2026-08-15,AD5687BRUZ,digikey,ok,200.0,exact,AD5687BRUZ,10.0,,2026-08-15T20:37:48+00:00
2026-08-15,AD5541CRZ,digikey,ok,200.0,exact,AD5541CRZ,39.0,,2026-08-15T20:37:50+00:00
2026-08-15,AD5391BSTZ-5,digikey,ok,200.0,exact,AD5391BSTZ-5,10.0,,2026-08-15T20:37:51+00:00
2026-08-15,ADAU1401AWBSTZ,digikey,ok,200.0,exact,ADAU1401AWBSTZ,10.0,,2026-08-15T20:37:52+00:00
2026-08-15,AD5392BSTZ-5,digikey,ok,200.0,exact,AD5392BSTZ-5,10.0,,2026-08-15T20:37:53+00:00
2026-08-15,AD5300BRMZ,digikey,ok,200.0,exact,AD5300BRMZ,10.0,,2026-08-15T20:37:55+00:00
2026-08-15,ADZS-21369-EZLITE,digikey,ok,200.0,exact,ADZS-21369-EZLITE,10.0,,2026-08-15T20:37:56+00:00
2026-08-15,AD5390BSTZ-5,digikey,ok,200.0,exact,AD5390BSTZ-5,11.0,,2026-08-15T20:37:57+00:00
2026-08-15,ADSP-21369KSWZ-5A,digikey,ok,200.0,exact,ADSP-21369KSWZ-5A,27.0,,2026-08-15T20:37:59+00:00
2026-08-15,ADSP-BF536BBCZ-4B,digikey,ok,200.0,exact,ADSP-BF536BBCZ-4B,19.0,,2026-08-15T20:38:00+00:00
2026-08-15,ADSP-21161NKCAZ100,digikey,ok,200.0,exact,ADSP-21161NKCAZ100,19.0,,2026-08-15T20:38:01+00:00
2026-08-15,AD7191BRUZ,digikey,ok,200.0,exact,AD7191BRUZ,12.0,,2026-08-15T20:38:02+00:00
2026-08-15,AD5320BRMZ,digikey,ok,200.0,exact,AD5320BRMZ,10.0,,2026-08-15T20:38:04+00:00
2026-08-15,AD7683BRMZ,digikey,ok,200.0,exact,AD7683BRMZ,10.0,,2026-08-15T20:38:05+00:00
2026-08-15,AD7927BRUZ,digikey,ok,200.0,exact,AD7927BRUZ,16.0,,2026-08-15T20:38:06+00:00
2026-08-15,ADSP-BF533SBSTZ400,digikey,ok,200.0,exact,ADSP-BF533SBSTZ400,30.0,,2026-08-15T20:38:08+00:00
2026-08-15,ADSP-2189NBSTZ-320,digikey,ok,200.0,exact,ADSP-2189NBSTZ-320,10.0,,2026-08-15T20:38:09+00:00
2026-08-15,AD7923BRUZ,digikey,ok,200.0,exact,AD7923BRUZ,16.0,,2026-08-15T20:38:10+00:00
2026-08-15,AD5308BRUZ,digikey,ok,200.0,exact,AD5308BRUZ,10.0,,2026-08-15T20:38:12+00:00
2026-08-15,AD1974YSTZ,digikey,ok,200.0,exact,AD1974YSTZ,10.0,,2026-08-15T20:38:13+00:00
2026-08-15,AD5611BKSZ-500RL7,digikey,ok,200.0,exact,AD5611BKSZ-500RL7,10.0,,2026-08-15T20:38:14+00:00
2026-08-15,AD5318BRUZ,digikey,ok,200.0,exact,AD5318BRUZ,10.0,,2026-08-15T20:38:16+00:00
2026-08-15,AD5620BRJZ-1500RL7,digikey,ok,200.0,exact,AD5620BRJZ-1500RL7,36.0,,2026-08-15T20:38:17+00:00
2026-08-15,AD5061BRJZ-2500RL7,digikey,ok,200.0,exact,AD5061BRJZ-2500RL7,36.0,,2026-08-15T20:38:18+00:00
2026-08-15,AD5328BRUZ,digikey,ok,200.0,exact,AD5328BRUZ,10.0,,2026-08-15T20:38:19+00:00
2026-08-15,AD810ANZ,digikey,ok,200.0,exact,AD810ANZ,10.0,,2026-08-15T20:38:21+00:00
2026-08-15,ADA4930-1YCPZ-R7,digikey,ok,200.0,exact,ADA4930-1YCPZ-R7,11.0,,2026-08-15T20:38:22+00:00
2026-08-15,HMC753LP4E,digikey,ok,200.0,exact,HMC753LP4E,39.0,,2026-08-15T20:38:24+00:00
2026-08-15,AD626ANZ,digikey,ok,200.0,exact,AD626ANZ,10.0,,2026-08-15T20:38:25+00:00
2026-08-15,AD8036ARZ,digikey,ok,200.0,exact,AD8036ARZ,10.0,,2026-08-15T20:38:26+00:00
2026-08-15,HMC460LC5,digikey,ok,200.0,exact,HMC460LC5,12.0,,2026-08-15T20:38:27+00:00
2026-08-15,HMC565LC5,digikey,ok,200.0,exact,HMC565LC5,11.0,,2026-08-15T20:38:28+00:00
2026-08-15,AD8429ARZ,digikey,ok,200.0,exact,AD8429ARZ,10.0,,2026-08-15T20:38:30+00:00
2026-08-15,EVAL-PRAOPAMP-1RJZ,digikey,ok,200.0,exact,EVAL-PRAOPAMP-1RJZ,10.0,,2026-08-15T20:38:31+00:00
2026-08-15,EVAL-PRAOPAMP-4RUZ,digikey,ok,200.0,exact,EVAL-PRAOPAMP-4RUZ,10.0,,2026-08-15T20:38:33+00:00
2026-08-15,AD633ARZ,digikey,ok,200.0,exact,AD633ARZ,11.0,,2026-08-15T20:38:34+00:00
2026-08-15,AD8011ARZ,digikey,ok,200.0,exact,AD8011ARZ,10.0,,2026-08-15T20:38:35+00:00
2026-08-15,EVAL-PRAOPAMP-1RMZ,digikey,ok,200.0,exact,EVAL-PRAOPAMP-1RMZ,10.0,,2026-08-15T20:38:37+00:00
2026-08-15,ADA4891-1ARZ,digikey,ok,200.0,exact,ADA4891-1ARZ,10.0,,2026-08-15T20:38:38+00:00
2026-08-15,MAX4081SASA+T,digikey,ok,200.0,exact,MAX4081SASA+T,10.0,,2026-08-15T20:38:40+00:00
2026-08-15,AD713JNZ,digikey,ok,200.0,exact,AD713JNZ,10.0,,2026-08-15T20:38:41+00:00
2026-08-15,ADA4899-1YRDZ,digikey,ok,200.0,exact,ADA4899-1YRDZ,16.0,,2026-08-15T20:38:42+00:00
2026-08-15,EVAL-PRAOPAMP-4RZ,digikey,ok,200.0,exact,EVAL-PRAOPAMP-4RZ,10.0,,2026-08-15T20:38:44+00:00
2026-08-15,AD622ANZ,digikey,ok,200.0,exact,AD622ANZ,10.0,,2026-08-15T20:38:45+00:00
2026-08-15,MAX4238ASA+T,digikey,ok,200.0,exact,MAX4238ASA+T,12.0,,2026-08-15T20:38:47+00:00
2026-08-15,AD8317ACPZ-R7,digikey,ok,200.0,exact,AD8317ACPZ-R7,10.0,,2026-08-15T20:38:48+00:00
2026-08-15,EVAL-PRAOPAMP-2RZ,digikey,ok,200.0,exact,EVAL-PRAOPAMP-2RZ,10.0,,2026-08-15T20:38:49+00:00
2026-08-15,EVAL-PRAOPAMP-2RMZ,digikey,ok,200.0,exact,EVAL-PRAOPAMP-2RMZ,10.0,,2026-08-15T20:38:50+00:00
2026-08-15,MAX44284FAUT+T,digikey,ok,200.0,exact,MAX44284FAUT+T,18.0,,2026-08-15T20:38:51+00:00
2026-08-15,HMC8411LP2FETR,digikey,ok,200.0,exact,HMC8411LP2FETR,10.0,,2026-08-15T20:38:53+00:00
2026-08-15,EVAL-PRAOPAMP-1RZ,digikey,ok,200.0,exact,EVAL-PRAOPAMP-1RZ,10.0,,2026-08-15T20:38:54+00:00
2026-08-15,MAX4490AXK+T,digikey,ok,200.0,exact,MAX4490AXK+T,10.0,,2026-08-15T20:38:55+00:00
2026-08-15,MAX4163EUA+T,digikey,ok,200.0,exact,MAX4163EUA+T,10.0,,2026-08-15T20:38:56+00:00
2026-08-15,AD8032ARMZ,digikey,ok,200.0,exact,AD8032ARMZ,10.0,,2026-08-15T20:38:58+00:00
2026-08-15,ADA4896-2ARMZ,digikey,ok,200.0,exact,ADA4896-2ARMZ,10.0,,2026-08-15T20:38:59+00:00
2026-08-15,AD8676ARZ,digikey,ok,200.0,exact,AD8676ARZ,32.0,,2026-08-15T20:39:01+00:00
2026-08-15,AD694JNZ,digikey,ok,200.0,exact,AD694JNZ,39.0,,2026-08-15T20:39:02+00:00
2026-08-15,AD8662ARZ,digikey,ok,200.0,exact,AD8662ARZ,10.0,,2026-08-15T20:39:04+00:00
2026-08-15,HMC463LP5E,digikey,ok,200.0,exact,HMC463LP5E,31.0,,2026-08-15T20:39:05+00:00
2026-08-15,ADA4841-2YRZ,digikey,ok,200.0,exact,ADA4841-2YRZ,11.0,,2026-08-15T20:39:06+00:00
2026-08-15,AD712JNZ,digikey,ok,200.0,exact,AD712JNZ,11.0,,2026-08-15T20:39:08+00:00
2026-08-15,AD8207WBRZ,digikey,ok,200.0,exact,AD8207WBRZ,10.0,,2026-08-15T20:39:10+00:00
2026-08-15,ADA4505-1ARJZ-R7,digikey,ok,200.0,exact,ADA4505-1ARJZ-R7,10.0,,2026-08-15T20:39:11+00:00
2026-08-15,AD8055ARZ,digikey,ok,200.0,exact,AD8055ARZ,10.0,,2026-08-15T20:39:13+00:00
2026-08-15,AD711JNZ,digikey,ok,200.0,exact,AD711JNZ,10.0,,2026-08-15T20:39:14+00:00
2026-08-15,AD202KN,digikey,ok,200.0,exact,AD202KN,33.0,,2026-08-15T20:39:15+00:00
2026-08-15,MAX4208AUA+,digikey,ok,200.0,exact,MAX4208AUA+,10.0,,2026-08-15T20:39:16+00:00
2026-08-15,SSM3302ACPZ,digikey,ok,200.0,exact,SSM3302ACPZ,12.0,,2026-08-15T20:39:18+00:00
2026-08-15,AD8209WBRMZ,digikey,ok,200.0,exact,AD8209WBRMZ,10.0,,2026-08-15T20:39:19+00:00
2026-08-15,MAX44267AUD+,digikey,ok,200.0,exact,MAX44267AUD+,10.0,,2026-08-15T20:39:21+00:00
2026-08-15,MAX4080TASA+,digikey,ok,200.0,exact,MAX4080TASA+,10.0,,2026-08-15T20:39:22+00:00
2026-08-15,HW-V5-ML550-UNI-G,digikey,ok,200.0,exact,HW-V5-ML550-UNI-G,2.0,,2026-08-15T20:39:24+00:00
2026-08-15,HW-SD3400A-DSP-DB-UNI-G,digikey,ok,200.0,exact,HW-SD3400A-DSP-DB-UNI-G,2.0,,2026-08-15T20:39:25+00:00
2026-08-15,HW-FLYLEADS,digikey,ok,200.0,exact,HW-FLYLEADS,10.0,,2026-08-15T20:39:26+00:00
2026-08-15,XC9536-7VQG44C,digikey,no_match,200.0,,,,catalog returned 0 products,2026-08-15T20:39:27+00:00
2026-08-15,SK-CRII-L-G,digikey,ok,200.0,exact,SK-CRII-L-G,2.0,,2026-08-15T20:39:28+00:00
2026-08-15,XC95108-10PQG100I,digikey,no_match,200.0,,,,catalog returned 0 products,2026-08-15T20:39:30+00:00
2026-08-15,HW-V5-ML506-UNI-G,digikey,ok,200.0,exact,HW-V5-ML506-UNI-G,2.0,,2026-08-15T20:39:31+00:00
2026-08-15,XC2V40-6CS144C,digikey,no_match,200.0,,,,catalog returned 0 products,2026-08-15T20:39:32+00:00
2026-08-15,XC2C64-7VQ100C,digikey,no_match,200.0,,,,catalog returned 0 products,2026-08-15T20:39:33+00:00
2026-08-15,XC4062XLA-09BG432C,digikey,no_match,200.0,,,,catalog returned 0 products,2026-08-15T20:39:34+00:00
2026-08-15,XC2S200E-6FGG456I,digikey,no_match,200.0,,,,catalog returned 0 products,2026-08-15T20:39:35+00:00
2026-08-15,HW-V5-ML507-UNI-G,digikey,ok,200.0,exact,HW-V5-ML507-UNI-G,2.0,,2026-08-15T20:39:36+00:00
2026-08-15,GD25Q20ETIGR,digikey,ok,200.0,exact,GD25Q20ETIGR,14.0,,2026-08-15T20:42:49+00:00
