snapshot_date,mpn,manufacturer,category,source,lead_time_weeks,lifecycle_status,stock,unit_price
2026-07-01,ESP8266EX,Espressif Systems,"RF Receivers, Transceivers",digikey,8,Not For New Designs,125,3.20002
2026-07-01,113991114,Seeed Studio,Uncategorized,digikey,4,Active,3602,7.49
2026-07-01,113991115,Seeed Studio,Uncategorized,digikey,4,Active,2591,13.99
2026-07-01,DFR1063,DFRobot,DSPs - Digital Signal Processors,digikey,7,Active,45,19.9
2026-07-01,DFR1117,DFRobot,Uncategorized,digikey,9,Active,1645,4.9
2026-07-01,MIKROE-2542,mikroElektronika,Uncategorized,digikey,4,Active,15,18.0
2026-07-01,DFR1075,DFRobot,Uncategorized,digikey,9,Active,486,5.9
2026-07-01,GPY,Pycom,NFC / RFID Components,digikey,28,Active,1004,11.30745
2026-07-01,DFR0654,DFRobot,NFC / RFID Components,digikey,9,Active,372,9.88
2026-07-01,DFR0868,DFRobot,Uncategorized,digikey,9,Active,211,7.9
2026-07-01,SIPY RCZ1 & RCZ3,Pycom,NFC / RFID Components,digikey,14,Discontinued at DigiKey,0,31.8024
2026-07-01,DFR0654-F,DFRobot,NFC / RFID Components,digikey,9,Active,203,10.62
2026-07-01,LOPY4,Pycom,NFC / RFID Components,digikey,19,Active,0,64.53
2026-07-01,FIPY,Pycom,NFC / RFID Components,digikey,12,Obsolete,0,76.24
2026-07-01,SIPY RCZ2 & RCZ4,Pycom,NFC / RFID Components,digikey,14,Discontinued at DigiKey,0,37.09225
2026-07-01,WIPY 3.0,Pycom,NFC / RFID Components,digikey,14,Obsolete,0,24.36745
2026-07-01,LOPY,Pycom,NFC / RFID Components,digikey,14,Discontinued at DigiKey,563,1.99
2026-07-01,DFR0706-EN,DFRobot,DSPs - Digital Signal Processors,digikey,9,Active,8,85.0
2026-07-01,DEMO56F8013-EE,NXP Semiconductors,DSPs - Digital Signal Processors,digikey,15,Discontinued at DigiKey,0,
2026-07-01,STM32F103ZET6TR,STMicroelectronics,Microcontrollers,digikey,30,Active,3288,8.6931
2026-07-01,STM32F103ZGT6,STMicroelectronics,Microcontrollers,digikey,30,Active,26270,10.31618
2026-07-01,STM32F103ZEH6,STMicroelectronics,Microcontrollers,digikey,30,Active,0,13.77
2026-07-01,STM32F103VET6TR,STMicroelectronics,Microcontrollers,digikey,30,Active,1007,7.25301
2026-07-01,STM32F103ZET6,STMicroelectronics,Microcontrollers,digikey,30,Active,11671,14.65
2026-07-01,STM32F103VCT6,STMicroelectronics,Microcontrollers,digikey,30,Active,268,10.48
2026-07-01,STM32F103RET6TR,STMicroelectronics,Microcontrollers,digikey,30,Active,1113,6.55459
2026-07-01,STM32F103RET6,STMicroelectronics,Microcontrollers,digikey,30,Active,1113,6.55459
2026-07-01,STM32F103VET6,STMicroelectronics,Microcontrollers,digikey,30,Active,1007,7.25301
2026-07-01,STM32F103ZCT6,STMicroelectronics,Microcontrollers,digikey,30,Active,7,11.53
2026-07-01,STM32F103RGT6,STMicroelectronics,Microcontrollers,digikey,30,Active,11,13.73
2026-07-01,STM32F103RCT6,STMicroelectronics,Microcontrollers,digikey,30,Active,1944,5.49891
2026-07-01,STM32F103C8T6,STMicroelectronics,Microcontrollers,digikey,30,Active,3996,3.74911
2026-07-01,STM32F103CBT6,STMicroelectronics,Microcontrollers,digikey,30,Active,5421,7.5
2026-07-01,STM32F103VDT6,STMicroelectronics,Microcontrollers,digikey,30,Active,995,10.77
2026-07-01,STM32F103VFT6,STMicroelectronics,Microcontrollers,digikey,30,Active,48,13.62
2026-07-01,STM32F103VBT6,STMicroelectronics,Microcontrollers,digikey,30,Active,801,8.85
2026-07-01,STM32F103RDT6,STMicroelectronics,Microcontrollers,digikey,30,Active,6139,5.8984
2026-07-01,STM32F103R8T6,STMicroelectronics,Microcontrollers,digikey,30,Active,1276,4.13753
2026-07-01,STM32F103RBT6,STMicroelectronics,Microcontrollers,digikey,30,Active,471,4.70356
2026-07-01,STM32F103VGT6TR,STMicroelectronics,Microcontrollers,digikey,30,Active,0,9.20518
2026-07-01,STM32F103CBT6TR,STMicroelectronics,Microcontrollers,digikey,30,Active,101,4.30376
2026-07-01,STM32F103ZFT6,STMicroelectronics,Microcontrollers,digikey,30,Active,179,14.97
2026-07-01,STM32F103ZGH6,STMicroelectronics,Microcontrollers,digikey,30,Active,37,16.15
2026-07-01,STM32F103RCT7,STMicroelectronics,Microcontrollers,digikey,30,Active,5759,9.72
2026-07-01,STM32F103ZDT6,STMicroelectronics,Microcontrollers,digikey,30,Active,71,12.56
2026-07-01,STM32F103CBT7,STMicroelectronics,Microcontrollers,digikey,30,Active,4600,7.97
2026-07-01,STM32F103T8U6,STMicroelectronics,Microcontrollers,digikey,30,Active,125,6.61
2026-07-01,STM32F103RET7,STMicroelectronics,Microcontrollers,digikey,30,Active,6110,11.91
2026-07-01,STM32F103CBU6,STMicroelectronics,Microcontrollers,digikey,30,Active,2112,7.31
2026-07-01,STM32F103TBU6,STMicroelectronics,Microcontrollers,digikey,30,Active,1806,4.27917
2026-07-01,STM32F103VEH6,STMicroelectronics,Microcontrollers,digikey,30,Active,2095,12.42
2026-07-01,STM32F103C6T7A,STMicroelectronics,Microcontrollers,digikey,30,Active,1085,6.33
2026-07-01,STM32F103RGT6TR,STMicroelectronics,Microcontrollers,digikey,30,Active,0,8.47507
2026-07-01,STM32F103RFT6,STMicroelectronics,Microcontrollers,digikey,30,Active,4107,12.52
2026-07-01,STM32F103V8T6,STMicroelectronics,Microcontrollers,digikey,30,Active,2697,5.06121
2026-07-01,STM32F103C8T7,STMicroelectronics,Microcontrollers,digikey,30,Active,0,7.54
2026-07-01,STM32F103C4T6A,STMicroelectronics,Microcontrollers,digikey,30,Active,234,5.63
2026-07-01,STM32F103VET7,STMicroelectronics,Microcontrollers,digikey,30,Active,8,12.63
2026-07-01,STM32F103VGT6,STMicroelectronics,Microcontrollers,digikey,30,Active,908,14.82
2026-07-01,STM32F103C6T6A,STMicroelectronics,Microcontrollers,digikey,30,Active,3539,3.35224
2026-07-01,STM32F103ZEH7,STMicroelectronics,Microcontrollers,digikey,30,Active,0,14.64
2026-07-01,STM32F103RCT6TR,STMicroelectronics,Microcontrollers,digikey,30,Active,1944,5.49891
2026-07-01,STM32F103T8U7,STMicroelectronics,Microcontrollers,digikey,30,Active,4,7.02
2026-07-01,STM32F103ZGT6TR,STMicroelectronics,Microcontrollers,digikey,30,Active,26270,10.31618
2026-07-01,STM32F103RBT6TR,STMicroelectronics,Microcontrollers,digikey,30,Active,471,4.70356
2026-07-01,STM32F103T6U6A,STMicroelectronics,Microcontrollers,digikey,30,Active,340,5.96
2026-07-01,STM32F103R8T7,STMicroelectronics,Microcontrollers,digikey,30,Active,933,7.5
2026-07-01,STM32F103VGT7,STMicroelectronics,Microcontrollers,digikey,30,Active,1447,15.76
2026-07-01,STM32F103VCT6TR,STMicroelectronics,Microcontrollers,digikey,30,Active,11,6.04425
2026-07-01,STM32F103C8T6TR,STMicroelectronics,Microcontrollers,digikey,30,Active,3996,3.74911
2026-07-01,STM32F103RCY6TR,STMicroelectronics,Microcontrollers,digikey,30,Active,0,5.71325
2026-07-01,STM32F103VBT7,STMicroelectronics,Microcontrollers,digikey,30,Active,496,9.41
2026-07-01,STM32F103VEH7,STMicroelectronics,Microcontrollers,digikey,30,Active,0,13.2
2026-07-01,STM32F103REY6TR,STMicroelectronics,Microcontrollers,digikey,30,Active,6609,6.52098
2026-07-01,STM32F103R8T6TR,STMicroelectronics,Microcontrollers,digikey,30,Active,1276,4.13753
2026-08-17,ESP8266EX,Espressif Systems,"RF Receivers, Transceivers",digikey,6,Not For New Designs,5256,1.60001
2026-08-17,113991114,Seeed Studio,Uncategorized,digikey,4,Active,11139,7.49
2026-08-17,113991115,Seeed Studio,Uncategorized,digikey,4,Active,5330,13.9
2026-08-17,DFR1063,DFRobot,DSPs - Digital Signal Processors,digikey,7,Active,38,19.9
2026-08-17,DFR1117,DFRobot,Uncategorized,digikey,9,Active,1351,4.9
2026-08-17,MIKROE-2542,mikroElektronika,Uncategorized,digikey,4,Active,11,18.0
2026-08-17,DFR1075,DFRobot,Uncategorized,digikey,9,Active,379,5.9
2026-08-17,GPY,Pycom,NFC / RFID Components,digikey,28,Active,1004,11.30745
2026-08-17,DFR0654,DFRobot,NFC / RFID Components,digikey,9,Active,405,9.88
2026-08-17,DFR0868,DFRobot,Uncategorized,digikey,9,Active,111,7.9
2026-08-17,SIPY RCZ1 & RCZ3,Pycom,NFC / RFID Components,digikey,14,Discontinued at DigiKey,0,31.8024
2026-08-17,DFR0654-F,DFRobot,NFC / RFID Components,digikey,9,Active,185,10.62
2026-08-17,LOPY4,Pycom,NFC / RFID Components,digikey,19,Active,0,64.53
2026-08-17,FIPY,Pycom,NFC / RFID Components,digikey,12,Obsolete,0,76.24
2026-08-17,SIPY RCZ2 & RCZ4,Pycom,NFC / RFID Components,digikey,14,Discontinued at DigiKey,0,37.09225
2026-08-17,WIPY 3.0,Pycom,NFC / RFID Components,digikey,14,Obsolete,0,24.36745
2026-08-17,LOPY,Pycom,NFC / RFID Components,digikey,14,Discontinued at DigiKey,563,1.99
2026-08-17,DFR0706-EN,DFRobot,DSPs - Digital Signal Processors,digikey,9,Active,8,85.0
2026-08-17,DEMO56F8013-EE,NXP Semiconductors,DSPs - Digital Signal Processors,digikey,15,Discontinued at DigiKey,0,
2026-08-17,STM32F103ZET6TR,STMicroelectronics,Microcontrollers,digikey,52,Active,738,9.61252
2026-08-17,STM32F103ZGT6,STMicroelectronics,Microcontrollers,digikey,52,Active,26270,12.0917
2026-08-17,STM32F103ZEH6,STMicroelectronics,Microcontrollers,digikey,52,Active,0,15.22
2026-08-17,STM32F103VET6TR,STMicroelectronics,Microcontrollers,digikey,52,Active,885,8.02017
2026-08-17,STM32F103ZET6,STMicroelectronics,Microcontrollers,digikey,52,Active,6485,16.2
2026-08-17,STM32F103VCT6,STMicroelectronics,Microcontrollers,digikey,52,Active,506,6.68353
2026-08-17,STM32F103RET6TR,STMicroelectronics,Microcontrollers,digikey,52,Active,1450,7.68274
2026-08-17,STM32F103RET6,STMicroelectronics,Microcontrollers,digikey,52,Active,1920,12.32
2026-08-17,STM32F103VET6,STMicroelectronics,Microcontrollers,digikey,52,Active,885,8.02017
2026-08-17,STM32F103ZCT6,STMicroelectronics,Microcontrollers,digikey,52,Active,3,13.51
2026-08-17,STM32F103RGT6,STMicroelectronics,Microcontrollers,digikey,52,Active,0,15.18
2026-08-17,STM32F103RCT6,STMicroelectronics,Microcontrollers,digikey,52,Active,1936,6.08051
2026-08-17,STM32F103C8T6,STMicroelectronics,Microcontrollers,digikey,40,Active,4183,4.14565
2026-08-17,STM32F103CBT6,STMicroelectronics,Microcontrollers,digikey,40,Active,20952,8.79
2026-08-17,STM32F103VDT6,STMicroelectronics,Microcontrollers,digikey,52,Active,992,11.91
2026-08-17,STM32F103VFT6,STMicroelectronics,Microcontrollers,digikey,52,Active,48,15.06
2026-08-17,STM32F103VBT6,STMicroelectronics,Microcontrollers,digikey,52,Active,495,9.78
2026-08-17,STM32F103RDT6,STMicroelectronics,Microcontrollers,digikey,52,Active,982,11.43
2026-08-17,STM32F103R8T6,STMicroelectronics,Microcontrollers,digikey,52,Active,1236,4.57514
2026-08-17,STM32F103RBT6,STMicroelectronics,Microcontrollers,digikey,52,Active,968,9.27
2026-08-17,STM32F103VGT6TR,STMicroelectronics,Microcontrollers,digikey,52,Active,0,10.17883
2026-08-17,STM32F103CBT6TR,STMicroelectronics,Microcontrollers,digikey,40,Active,12091,5.04452
2026-08-17,STM32F103ZFT6,STMicroelectronics,Microcontrollers,digikey,52,Active,179,16.55
2026-08-17,STM32F103ZGH6,STMicroelectronics,Microcontrollers,digikey,52,Active,1141,17.86
2026-08-17,STM32F103RCT7,STMicroelectronics,Microcontrollers,digikey,52,Active,5739,10.75
2026-08-17,STM32F103ZDT6,STMicroelectronics,Microcontrollers,digikey,52,Active,71,13.89
2026-08-17,STM32F103CBT7,STMicroelectronics,Microcontrollers,digikey,40,Active,6953,8.82
2026-08-17,STM32F103T8U6,STMicroelectronics,Microcontrollers,digikey,40,Active,3393,4.36863
2026-08-17,STM32F103RET7,STMicroelectronics,Microcontrollers,digikey,52,Active,6086,13.96
2026-08-17,STM32F103CBU6,STMicroelectronics,Microcontrollers,digikey,40,Active,0,8.08
2026-08-17,STM32F103TBU6,STMicroelectronics,Microcontrollers,digikey,40,Active,933,4.73178
2026-08-17,STM32F103VEH6,STMicroelectronics,Microcontrollers,digikey,52,Active,2090,14.55
2026-08-17,STM32F103C6T7A,STMicroelectronics,Microcontrollers,digikey,40,Active,1085,7.0
2026-08-17,STM32F103RGT6TR,STMicroelectronics,Microcontrollers,digikey,52,Active,0,9.37141
2026-08-17,STM32F103RFT6,STMicroelectronics,Microcontrollers,digikey,52,Active,4102,13.84
2026-08-17,STM32F103V8T6,STMicroelectronics,Microcontrollers,digikey,52,Active,2647,5.21436
2026-08-17,STM32F103C8T7,STMicroelectronics,Microcontrollers,digikey,40,Active,1295,8.84
2026-08-17,STM32F103C4T6A,STMicroelectronics,Microcontrollers,digikey,40,Active,229,6.23
2026-08-17,STM32F103VET7,STMicroelectronics,Microcontrollers,digikey,52,Active,536,13.97
2026-08-17,STM32F103VGT6,STMicroelectronics,Microcontrollers,digikey,52,Active,908,16.39
2026-08-17,STM32F103C6T6A,STMicroelectronics,Microcontrollers,digikey,40,Active,3539,3.7068
2026-08-17,STM32F103ZEH7,STMicroelectronics,Microcontrollers,digikey,52,Active,0,16.19
2026-08-17,STM32F103RCT6TR,STMicroelectronics,Microcontrollers,digikey,52,Active,1936,6.08051
2026-08-17,STM32F103T8U7,STMicroelectronics,Microcontrollers,digikey,40,Active,2919,8.23
2026-08-17,STM32F103ZGT6TR,STMicroelectronics,Microcontrollers,digikey,52,Active,26270,12.0917
2026-08-17,STM32F103RBT6TR,STMicroelectronics,Microcontrollers,digikey,52,Active,463,5.20104
2026-08-17,STM32F103T6U6A,STMicroelectronics,Microcontrollers,digikey,40,Active,340,6.59
2026-08-17,STM32F103R8T7,STMicroelectronics,Microcontrollers,digikey,52,Active,0,8.3
2026-08-17,STM32F103VGT7,STMicroelectronics,Microcontrollers,digikey,52,Active,1447,17.43
2026-08-17,STM32F103VCT6TR,STMicroelectronics,Microcontrollers,digikey,52,Active,506,6.68353
2026-08-17,STM32F103C8T6TR,STMicroelectronics,Microcontrollers,digikey,40,Active,4183,4.14565
2026-08-17,STM32F103RCY6TR,STMicroelectronics,Microcontrollers,digikey,52,Active,0,5.71325
2026-08-17,STM32F103VBT7,STMicroelectronics,Microcontrollers,digikey,52,Active,496,10.4
2026-08-17,STM32F103VEH7,STMicroelectronics,Microcontrollers,digikey,52,Active,0,14.6
2026-08-17,STM32F103REY6TR,STMicroelectronics,Microcontrollers,digikey,52,Active,6609,7.21072
2026-08-17,STM32F103R8T6TR,STMicroelectronics,Microcontrollers,digikey,52,Active,1236,4.57514
2026-08-17,STM32F103VFT6TR,STMicroelectronics,Microcontrollers,digikey,52,Active,0,9.29636
2026-08-17,STM32F103RFT6TR,STMicroelectronics,Microcontrollers,digikey,52,Active,0,8.48761
2026-08-17,STM32F103V8H6,STMicroelectronics,Microcontrollers,digikey,52,Active,0,8.81
2026-08-17,STM32F103RBT7,STMicroelectronics,Microcontrollers,digikey,52,Active,2194,5.5563
2026-08-17,STM32F103VBH6,STMicroelectronics,Microcontrollers,digikey,52,Active,0,9.78
2026-08-17,STM32F103R6T6A,STMicroelectronics,Microcontrollers,digikey,52,Active,41,7.1
2026-08-17,STM32F103VCH6,STMicroelectronics,Microcontrollers,digikey,52,Active,0,11.09
2026-08-17,STM32F103ZCT6TR,STMicroelectronics,Microcontrollers,digikey,52,Active,0,7.94578
2026-08-17,STM32F103ZCH6,STMicroelectronics,Microcontrollers,digikey,52,Active,0,12.75
2026-08-17,STM32F103RBH6,STMicroelectronics,Microcontrollers,digikey,52,Active,7582,8.79
2026-08-17,STM32F103VFT7,STMicroelectronics,Microcontrollers,digikey,52,Active,675,16.02
2026-08-17,STM32F103RDY6TR,STMicroelectronics,Microcontrollers,digikey,52,Active,0,6.43081
2026-08-17,STM32F103VDT6TR,STMicroelectronics,Microcontrollers,digikey,52,Active,7744,7.65138
2026-08-17,STM32F103ZDH6,STMicroelectronics,Microcontrollers,digikey,52,Active,164,14.7
2026-08-17,STM32F103T4U6A,STMicroelectronics,Microcontrollers,digikey,40,Active,1473,6.23
2026-08-17,STM32F103T8U7TR,STMicroelectronics,Microcontrollers,digikey,40,Active,0,4.4044
2026-08-17,STM32F103RDT6TR,STMicroelectronics,Microcontrollers,digikey,52,Active,4781,6.91362
2026-08-17,STM32F103R4H6A,STMicroelectronics,Microcontrollers,digikey,52,Active,0,3.76145
2026-08-17,STM32F103C6U6A,STMicroelectronics,Microcontrollers,digikey,40,Active,0,6.37
2026-08-17,STM32F103R6H6A,STMicroelectronics,Microcontrollers,digikey,52,Active,0,3.98321
2026-08-17,STM32F103VDT7,STMicroelectronics,Microcontrollers,digikey,52,Active,0,7.71217
2026-08-17,STM32F103TBU7,STMicroelectronics,Microcontrollers,digikey,40,Active,238,9.34
2026-08-17,STM32F103ZFH6,STMicroelectronics,Microcontrollers,digikey,52,Active,0,16.55
2026-08-17,STM32F103C6T6ATR,STMicroelectronics,Microcontrollers,digikey,40,Active,3539,3.7068
2026-08-17,STM32F103R8H7,STMicroelectronics,Microcontrollers,digikey,52,Active,0,4.73673
2026-08-17,STM32F103ZGH7,STMicroelectronics,Microcontrollers,digikey,52,Active,0,11.89841
2026-08-17,STM32F103T8U6TR,STMicroelectronics,Microcontrollers,digikey,40,Active,3393,4.36863
2026-08-17,STM32F103R8H6,STMicroelectronics,Microcontrollers,digikey,52,Active,0,4.42673
2026-08-17,STM32F103VDH6,STMicroelectronics,Microcontrollers,digikey,52,Active,1066,7.54864
2026-08-17,STM32F103ZET7,STMicroelectronics,Microcontrollers,digikey,52,Active,3101,16.19
2026-08-17,STM32F103R4T6A,STMicroelectronics,Microcontrollers,digikey,52,Active,1098,7.14
2026-08-17,STM32F103ZGH6TR,STMicroelectronics,Microcontrollers,digikey,52,Active,52,11.04449
2026-08-17,STM32F103R6T7A,STMicroelectronics,Microcontrollers,digikey,52,Active,919,7.54
2026-08-17,STM32F103VBH7,STMicroelectronics,Microcontrollers,digikey,52,Active,0,10.4
2026-08-17,STM32F103VBT6TR,STMicroelectronics,Microcontrollers,digikey,52,Active,720,5.83859
2026-08-17,STM32F103ZCT7,STMicroelectronics,Microcontrollers,digikey,52,Active,473,8.4874
2026-08-17,STM32F103RBT7TR,STMicroelectronics,Microcontrollers,digikey,52,Active,2194,5.5563
2026-08-17,STM32F103RBH7,STMicroelectronics,Microcontrollers,digikey,52,Active,0,9.34
2026-08-17,STM32F103CBT7TR,STMicroelectronics,Microcontrollers,digikey,40,Active,0,5.0857
2026-08-17,STM32F103ZDH6TR,STMicroelectronics,Microcontrollers,digikey,52,Active,0,8.40835
2026-08-17,STM32F103RGT7,STMicroelectronics,Microcontrollers,digikey,52,Active,0,16.14
2026-08-17,STM32F103TBU6TR,STMicroelectronics,Microcontrollers,digikey,40,Active,933,4.73178
2026-08-17,STM32F103VDH6TR,STMicroelectronics,Microcontrollers,digikey,52,Active,0,7.48294
2026-08-17,STM32F103C8T7TR,STMicroelectronics,Microcontrollers,digikey,40,Active,0,4.43005
2026-08-17,ATMEGA328PB-MUR,Microchip,Microcontrollers,digikey,33,Active,6699,1.34001
2026-08-17,ATMEGA328PB-ANR,Microchip,Microcontrollers,digikey,7,Active,2821,1.46001
2026-08-17,ATMEGA328P-MMHR,Microchip,Microcontrollers,digikey,28,Active,14485,2.38001
2026-08-17,ATMEGA328PB-AUR,Microchip,Microcontrollers,digikey,20,Active,20133,1.41001
2026-08-17,ATMEGA328P-ANR,Microchip,Microcontrollers,digikey,19,Active,18612,2.39002
2026-08-17,ATMEGA328P-PU,Microchip,Microcontrollers,digikey,32,Active,36879,2.89
2026-08-17,ATMEGA328PB-MN,Microchip,Microcontrollers,digikey,33,Active,3570,1.56
2026-08-17,ATMEGA328-PU,Microchip,Microcontrollers,digikey,19,Active,10058,2.63
2026-08-17,ATMEGA328P-MU,Microchip,Microcontrollers,digikey,4,Active,1572,2.66
2026-08-17,ATMEGA328-AU,Microchip,Microcontrollers,digikey,19,Active,2241,2.42
2026-08-17,ATMEGA328PB-MU,Microchip,Microcontrollers,digikey,22,Active,401,1.52
2026-08-17,ATMEGA328P-PN,Microchip,Microcontrollers,digikey,19,Active,5137,3.03
2026-08-17,ATMEGA328P-AUR,Microchip,Microcontrollers,digikey,28,Active,69261,2.30001
2026-08-17,ATMEGA328PB-AU,Microchip,Microcontrollers,digikey,20,Active,4905,1.63
2026-08-17,ATMEGA328P-AN,Microchip,Microcontrollers,digikey,19,Active,18346,2.8
2026-08-17,ATMEGA328PB-AN,Microchip,Microcontrollers,digikey,21,Active,1257,1.65
2026-08-17,ATMEGA328P-AU,Microchip,Microcontrollers,digikey,19,Active,19508,2.66
2026-08-17,2488,Adafruit Industries,DSPs - Digital Signal Processors,digikey,17,Active,503665,0.00293
2026-08-17,ATMEGA328P-MUR,Microchip,Microcontrollers,digikey,4,Active,44715,2.30001
2026-08-17,ATMEGA328-MU,Microchip,Microcontrollers,digikey,21,Active,3618,2.42
2026-08-17,ATMEGA328P-MMH,Microchip,Microcontrollers,digikey,23,Active,803,2.78
2026-08-17,ATMEGA328-AUR,Microchip,Microcontrollers,digikey,19,Active,7284,2.10001
2026-08-17,ATMEGA328-MUR,Microchip,Microcontrollers,digikey,26,Active,13808,2.1
2026-08-17,ATMEGA328PB-MNR,Microchip,Microcontrollers,digikey,33,Active,0,1.37001
2026-08-17,ATMEGA328P-XMINI,Microchip,DSPs - Digital Signal Processors,digikey,12,Active,97,16.11
2026-08-17,ATMEGA328P-MN,Microchip,Microcontrollers,digikey,30,Active,1101,2.8
2026-08-17,ATMEGA328-MMH,Microchip,Microcontrollers,digikey,23,Active,7339,2.54
2026-08-17,ATMEGA328PB-XMINI,Microchip,DSPs - Digital Signal Processors,digikey,12,Active,193,16.11
2026-08-17,ATMEGA328-MMHR,Microchip,Microcontrollers,digikey,23,Active,1102,2.5564
2026-08-17,ATMEGA328P-MNR,Microchip,Microcontrollers,digikey,21,Active,11982,2.39001
2026-08-17,2000,Adafruit Industries,DSPs - Digital Signal Processors,digikey,20,Active,431729,0.01765
2026-08-17,A000005,Arduino,DSPs - Digital Signal Processors,digikey,22,Active,2161,25.7
2026-08-17,A000073,Arduino,DSPs - Digital Signal Processors,digikey,22,Active,1439,26.3
2026-08-17,A000066,Arduino,DSPs - Digital Signal Processors,digikey,18,Active,2245,27.6
2026-08-17,K000007,Arduino,Embedded Processors and Controllers,digikey,10,Active,357,77.07
2026-08-17,WPK501,Velleman,Uncategorized,digikey,0,Active,5,31.9
2026-08-17,ATMEGA328PAU,Microchip,Uncategorized,digikey,19,Active,19508,2.66
2026-08-17,68,Adafruit Industries,Uncategorized,digikey,19,Active,60473,0.02322
2026-08-17,DEV-10524,SparkFun,Microcontrollers,digikey,12,Active,17,6.5
2026-08-17,50,Adafruit Industries,DSPs - Digital Signal Processors,digikey,4,Active,178088,0.03144
2026-08-17,ATMEGA328P-AURA0,Microchip,Microcontrollers,digikey,52,Obsolete,0,
2026-08-17,DEV-10914,SparkFun,DSPs - Digital Signal Processors,digikey,12,Active,0,18.5
2026-08-17,DEV-10116,SparkFun,DSPs - Digital Signal Processors,digikey,12,Active,1,30.95
2026-08-17,ATMEGA328,Microchip,Uncategorized,digikey,22,Active,401,1.52
2026-08-17,K010007,Arduino,Uncategorized,digikey,12,Active,13,564.0
2026-08-17,PGM-09825,SparkFun,Uncategorized,digikey,12,Obsolete,0,
2026-08-17,110990014,Seeed Studio,DSPs - Digital Signal Processors,digikey,37,Active,0,104.50008
2026-08-17,102010000,Seeed Studio,DSPs - Digital Signal Processors,digikey,6,Active,23344,2.43
2026-08-17,DEV-13955,SparkFun,Uncategorized,digikey,12,Active,248,21.5
2026-08-17,SWG-19631,SparkFun,Uncategorized,digikey,12,Obsolete,0,
2026-08-17,2648,Adafruit Industries,Uncategorized,digikey,7,Active,86610,0.09797
2026-08-17,DEV-13342,SparkFun,Uncategorized,digikey,12,Active,5,19.5
2026-08-17,2590,Adafruit Industries,DSPs - Digital Signal Processors,digikey,14,Active,115379,0.04846
2026-08-17,DEV-13712,SparkFun,Uncategorized,digikey,12,Active,1088,17.5
2026-08-17,DC2026C-KIT,Analog Devices,DSPs - Digital Signal Processors,digikey,10,Active,52,192.57
2026-08-17,102990824,Seeed Studio,NFC / RFID Components,digikey,41,Active,0,27.4
2026-08-17,DFR0004,DFRobot,DSPs - Digital Signal Processors,digikey,9,Active,1,24.9
2026-08-17,102010070,Seeed Studio,DSPs - Digital Signal Processors,digikey,40,Active,0,29.5
2026-08-17,1405,Adafruit Industries,Uncategorized,digikey,19,Active,143851,0.03292
2026-08-17,X000048,Arduino,Microcontrollers,digikey,18,Discontinued at DigiKey,0,6.3
2026-08-17,102010019,Seeed Studio,Uncategorized,digikey,5,Obsolete,0,47.5
2026-08-17,WPB100,Velleman,Uncategorized,digikey,0,Active,8,26.7
2026-08-17,MIKROE-672,mikroElektronika,DSPs - Digital Signal Processors,digikey,4,Active,4,57.0
2026-08-17,102010168,Seeed Studio,DSPs - Digital Signal Processors,digikey,7,Active,72,13.62
2026-08-17,DEV-13975,SparkFun,DSPs - Digital Signal Processors,digikey,12,Active,363,22.5
2026-08-17,MIKROE-671,mikroElektronika,DSPs - Digital Signal Processors,digikey,4,Active,2,22.0
2026-08-17,MIKROE-1581,mikroElektronika,Uncategorized,digikey,4,Active,69,9.0
2026-08-17,2010,Adafruit Industries,DSPs - Digital Signal Processors,digikey,15,Active,286559,0.04788
2026-08-17,DC2026B,Analog Devices,Uncategorized,digikey,16,Obsolete,0,75.87
2026-08-17,VM800P50A-BK,BridgeTek,"LCD, OLED, Graphic Displays",digikey,29,Obsolete,0,
2026-08-17,DEV-15164,SparkFun,Uncategorized,digikey,12,Active,115,19.95
2026-08-17,DEV-15123,SparkFun,DSPs - Digital Signal Processors,digikey,12,Active,121,21.95
2026-08-17,WIG-11888,SparkFun,DSPs - Digital Signal Processors,digikey,12,Obsolete,0,
2026-08-17,DEV-11113,SparkFun,DSPs - Digital Signal Processors,digikey,12,Active,1007,11.25
2026-08-17,NERO-NP1,BridgeTek,Embedded Processors and Controllers,digikey,29,Obsolete,0,
2026-08-17,DFR0296,DFRobot,DSPs - Digital Signal Processors,digikey,9,Active,1,24.9
2026-08-17,DC2026B-KIT,Analog Devices,Uncategorized,digikey,16,Obsolete,0,124.74
2026-08-17,DC2026C,Analog Devices,DSPs - Digital Signal Processors,digikey,10,Active,297,120.89
2026-08-17,DFR0162,DFRobot,DSPs - Digital Signal Processors,digikey,9,Active,1,19.9
2026-08-17,3046,Adafruit Industries,NFC / RFID Components,digikey,28,Active,131647,0.01467
2026-08-17,2821,Adafruit Industries,NFC / RFID Components,digikey,28,Active,3182,0.0929
2026-08-17,MOD-WIFI-ESP8266-DEV,Olimex,NFC / RFID Components,digikey,5,Active,104,3.93
2026-08-17,ESP8266-EVB,Olimex,NFC / RFID Components,digikey,5,Active,3,5.75
2026-08-17,ESP8266-DEVKITS,Espressif Systems,NFC / RFID Components,digikey,8,Active,221,8.5
2026-08-17,ESP8266-DEVKITC-02U-F,Espressif Systems,NFC / RFID Components,digikey,8,Active,113,8.0
2026-08-17,MOD-WIFI-ESP8266,Olimex,RF Transceiver Modules and Modems,digikey,5,Active,104,3.93
2026-08-17,3619,Adafruit Industries,NFC / RFID Components,digikey,17,Active,18435,0.14998
2026-08-17,3591,Adafruit Industries,NFC / RFID Components,digikey,21,Active,219582,0.02556
2026-08-17,2680,Adafruit Industries,Uncategorized,digikey,10,Active,40225,0.15
2026-08-17,WRL-13231,SparkFun,NFC / RFID Components,digikey,12,Active,2,19.95
2026-08-17,WRL-13711,SparkFun,NFC / RFID Components,digikey,12,Active,1,19.95
2026-08-17,KIT-15258,SparkFun,Uncategorized,digikey,12,Obsolete,0,
2026-08-17,WRL-13804,SparkFun,NFC / RFID Components,digikey,12,Obsolete,0,
2026-08-17,WRL-13287,SparkFun,RF Semiconductors and Devices,digikey,12,Active,1,19.5
2026-08-17,SK-4DUINO-24,4D Systems,DSPs - Digital Signal Processors,digikey,6,Obsolete,0,
2026-08-17,ESP8266-DEVKITC-02D-F,Espressif Systems,NFC / RFID Components,digikey,8,Obsolete,0,
2026-08-17,83-16992,Seeed Studio,Uncategorized,digikey,10,Active,0,16.99
2026-08-17,317060016,Seeed Studio,RF Transceiver Modules and Modems,digikey,4,Active,147,7.9
2026-08-17,ESP-LAUNCHER,Espressif Systems,NFC / RFID Components,digikey,8,Active,97,20.0
2026-08-17,102110057,Seeed Studio,NFC / RFID Components,digikey,4,Active,0,12.90007
2026-08-17,102110037,Seeed Studio,NFC / RFID Components,digikey,37,Active,0,15.40004
2026-08-17,ESP8266-EVB-BAT-BOX,Olimex,NFC / RFID Components,digikey,5,Active,0,15.71
2026-08-17,ESP8266-EVB-BAT,Olimex,NFC / RFID Components,digikey,5,Active,0,10.45
2026-08-17,110020051,Seeed Studio,Uncategorized,digikey,40,Active,0,53.90012
2026-08-17,ESP8266,Espressif Systems,RF Transceiver Modules and Modems,digikey,6,Not For New Designs,5256,1.60001
2026-08-17,102991024,Seeed Studio,NFC / RFID Components,digikey,4,Active,0,115.5
2026-08-17,102991310,Seeed Studio,NFC / RFID Components,digikey,32,Discontinued at DigiKey,0,
2026-08-17,113990234,Seeed Studio,NFC / RFID Components,digikey,4,Active,0,7.10003
2026-08-17,110020050,Seeed Studio,Uncategorized,digikey,5,Active,0,5.77
2026-08-17,2491,Adafruit Industries,RF Transceiver Modules and Modems,digikey,41,Active,241096,0.04526
2026-08-17,3213,Adafruit Industries,NFC / RFID Components,digikey,24,Active,41317,0.26
2026-08-17,32420S,Parallax,RF Transceiver Modules and Modems,digikey,18,Active,58,1321.845
2026-08-17,4065,Adafruit Industries,RF Transceiver Modules and Modems,digikey,30,Active,11509,0.06938
2026-08-17,DFR0489,DFRobot,NFC / RFID Components,digikey,9,Active,5,7.5
2026-08-17,ESP-07S,RF Solutions,RF Transceiver Modules and Modems,digikey,5,Active,37,1.39
2026-08-17,ESP-12S,RF Solutions,RF Transceiver Modules and Modems,digikey,5,Active,37,1.39
2026-08-17,TEL0118,DFRobot,Uncategorized,digikey,9,Active,0,11.86
2026-08-17,GEN4-IOD-24T,4D Systems,Optoelectronics,digikey,6,Discontinued at DigiKey,1,100.21
2026-08-17,2471,Adafruit Industries,NFC / RFID Components,digikey,16,Active,328136,0.00724
2026-08-17,SK-GEN4-IOD-24T,4D Systems,Optoelectronics,digikey,6,Discontinued at DigiKey,1,100.21
2026-08-17,U114,M5Stack,NFC / RFID Components,digikey,30,Active,809,1.51404
2026-08-17,GEN4-IOD-32T,4D Systems,Optoelectronics,digikey,6,Discontinued at DigiKey,4,123.92
2026-08-17,GEN4-IOD-28T,4D Systems,Optoelectronics,digikey,6,Active,7,42.95
2026-08-17,32420D,Parallax,RF Transceiver Modules and Modems,digikey,10,Active,1691,16.57
2026-08-17,4DUINO-24,4D Systems,DSPs - Digital Signal Processors,digikey,6,Obsolete,0,
2026-08-17,WRL-17146,SparkFun,RF Transceiver Modules and Modems,digikey,12,Active,0,7.5
2026-08-17,105990071,Seeed Studio,Uncategorized,digikey,33,Active,0,14.322
2026-08-17,ESP32-PICO-V3-ZERO-DEVKIT,Espressif Systems,NFC / RFID Components,digikey,8,Active,7,70.0
2026-08-17,3032,Adafruit Industries,Uncategorized,digikey,16,Active,1013689,0.01567
2026-08-17,102990944,Seeed Studio,NFC / RFID Components,digikey,33,Active,0,66.07
2026-08-17,113990816,Seeed Studio,RF Transceiver Modules and Modems,digikey,4,Active,0,6.93
2026-08-17,ESP-BAT32,Espressif Systems,NFC / RFID Components,digikey,8,Active,2,20.0
2026-08-17,ESP-BAT8,Espressif Systems,NFC / RFID Components,digikey,8,Active,1,20.0
2026-08-17,MIKROE-1769,mikroElektronika,Uncategorized,digikey,28,Obsolete,0,27.0
2026-08-17,3405,Adafruit Industries,NFC / RFID Components,digikey,28,Active,1101895,0.01075
2026-08-17,ESP-07,Ai-Thinker,Uncategorized,digikey,40,Active,703,41.11
2026-08-17,ESP-12E,Ai-Thinker,Uncategorized,digikey,5,Active,37,1.39
2026-08-17,ESP-01S,Ai-Thinker,Uncategorized,digikey,4,Active,35,4.98
2026-08-17,ESP-WROOM-02,Espressif Systems,NFC / RFID Components,digikey,8,Not For New Designs,497,3.30002
2026-08-17,ESP8266 ESP-01S,Arndt Electronic,Uncategorized,digikey,4,Active,35,4.98
2026-08-17,CW01,XinaBox,Uncategorized,digikey,17,Active,3634,6.25
2026-08-17,2471 HUZZAH,Adafruit Industries,Uncategorized,digikey,4,Active,71,9.95
2026-08-17,WRL-13794,SparkFun,NFC / RFID Components,digikey,6,Obsolete,0,34.5
2026-08-17,2282,Adafruit Industries,Uncategorized,digikey,15,Not For New Designs,322778,0.01586
2026-08-17,113020010,Seeed Studio,Uncategorized,digikey,2,Obsolete,0,13.9
2026-08-17,317060015,Seeed Studio,NFC / RFID Components,digikey,4,Obsolete,0,7.5
2026-08-17,KIT-15259,SparkFun,Uncategorized,digikey,12,Obsolete,0,
2026-08-17,317060019,Seeed Studio,RF Transceiver Modules and Modems,digikey,21,Active,0,9.564
2026-08-17,WPB107,Velleman,Uncategorized,digikey,0,Active,3,10.0
2026-08-17,113990105,Seeed Studio,"RF Receivers, Transceivers",digikey,5,Obsolete,0,8.2
2026-08-17,83-16993,Seeed Studio,Uncategorized,digikey,10,Active,5,18.63
2026-08-17,PIS-1035,Pi Supply,NFC / RFID Components,digikey,6,Active,0,323.893
2026-08-17,A000135,Arduino,NFC / RFID Components,digikey,8,Active,5,111.21
2026-08-17,PIM145,Pimoroni,Uncategorized,digikey,4,Obsolete,0,10.5
2026-08-17,MOD-WIFI-ESP8266-BOXED,Olimex,Uncategorized,digikey,5,Active,2,5.86
2026-08-17,3210,Adafruit Industries,Uncategorized,digikey,26,Active,36113,0.3
2026-08-17,CW02,XinaBox,Uncategorized,digikey,23,Active,3744785,0.0054
2026-08-17,ESP-WROOM-S2,Espressif Systems,RF Transceiver Modules and Modems,digikey,8,Not For New Designs,0,3.2
2026-08-17,KIT-14682,SparkFun,Uncategorized,digikey,12,Obsolete,0,
2026-08-17,SRCI024-EVB-1,Antenova,Uncategorized,digikey,4,Active,0,84.7
2026-08-17,ESP32-VAQUITA-DSPG,Espressif Systems,NFC / RFID Components,digikey,8,Active,50,45.0
2026-08-17,ESP8266MOD,Espressif Systems,Uncategorized,digikey,5,Active,37,1.39
2026-08-17,ESP32-C6-DEVKITC-1-N8,Espressif Systems,Uncategorized,digikey,12,Active,1383,9.0
2026-08-17,ESP32-C6-DEVKITM-1-N4,Espressif Systems,Uncategorized,digikey,12,Active,122,8.0
2026-08-17,ESP32-S3-DEVKITC-1-N8R8,Espressif Systems,NFC / RFID Components,digikey,8,Active,0,15.0
2026-08-17,ESP THREAD BR-ZIGBEE GW,Espressif Systems,RF Transceiver Modules and Modems,digikey,8,Active,92,10.74
2026-08-17,ESP32-D0WD-V3,Espressif Systems,"RF Receivers, Transceivers",digikey,4,Active,6186,1.5
2026-08-17,ESP32-DEVKITC-VE,Espressif Systems,NFC / RFID Components,digikey,8,Active,44,11.0
2026-08-17,ESP32-H2-DEVKITM-1-N4,Espressif Systems,Uncategorized,digikey,17,Active,54,9.68
2026-08-17,ESP32-WROOM-32UE-N4,Espressif Systems,System on Chip (SoC),digikey,8,Active,175,2.5
2026-08-17,ESP32-DEVKITC-32E,Espressif Systems,NFC / RFID Components,digikey,8,Active,50,10.0
2026-08-17,ESP32-C3-DEVKIT-RUST-1,Espressif Systems,Uncategorized,digikey,8,Obsolete,0,
2026-08-17,ESP32-DEVKITM-1,Espressif Systems,NFC / RFID Components,digikey,8,Active,71,8.0
2026-08-17,ESP32-DEVKITC-VIE,Espressif Systems,NFC / RFID Components,digikey,8,Active,997,11.0
2026-08-17,ESP32-S3-EYE,Espressif Systems,RF Transceiver Modules and Modems,digikey,4,Active,48,45.0
2026-08-17,ESP32-S3-DEVKITM-1-N8,Espressif Systems,NFC / RFID Components,digikey,8,Obsolete,0,
2026-08-17,ESP32-PICO-V3,Espressif Systems,"RF Receivers, Transceivers",digikey,8,Active,6055,2.5
2026-08-17,ESP32-S3-WROOM-1-N8,Espressif Systems,System on Chip (SoC),digikey,8,Active,805,3.84178
2026-08-17,ESP32-C3-WROOM-02-N4,Espressif Systems,"RF Receivers, Transceivers",digikey,8,Active,18544,1.9
2026-08-17,ESP32-S2,Espressif Systems,"RF Receivers, Transceivers",digikey,12,Active,11183,1.60001
2026-08-17,ESP32-WROVER-E-N16R8,Espressif Systems,System on Chip (SoC),digikey,8,Active,27222,3.28
2026-08-17,ESP32-WROVER-E-N8R8,Espressif Systems,System on Chip (SoC),digikey,8,Active,4750,3.99458
2026-08-17,ESP32-C3-MINI-1-H4,Espressif Systems,System on Chip (SoC),digikey,8,Discontinued at DigiKey,98,
2026-08-17,ESP32-C6-MINI-1-N4,Espressif Systems,System on Chip (SoC),digikey,8,Active,4528,2.5
2026-08-17,ESP32-WROOM-32E-N8,Espressif Systems,System on Chip (SoC),digikey,8,Active,3900,3.68846
2026-08-17,ESP32-S3-WROOM-1-N16R8,Espressif Systems,System on Chip (SoC),digikey,9,Active,91,19.9
2026-08-17,ESP32-S3-MINI-1-N8,Espressif Systems,RF Transceiver Modules and Modems,digikey,8,Active,4397,3.68846
2026-08-17,ESP32-WROOM-32UE-N16,Espressif Systems,System on Chip (SoC),digikey,8,Active,10858,3.0
2026-08-17,ESP32-C3,Espressif Systems,System on Chip (SoC),digikey,8,Active,5807,1.3
2026-08-17,ESP32-WROOM-32E-N4,Espressif Systems,System on Chip (SoC),digikey,8,Active,19547,2.5
2026-08-17,ESP32-C6-WROOM-1-N4,Espressif Systems,RF Transceiver Modules and Modems,digikey,8,Active,3400,2.85002
2026-08-17,ESP-WROOM-02D-N4,Espressif Systems,RF Transceiver Modules and Modems,digikey,8,Not For New Designs,0,3.20002
2026-08-17,ESP-WROOM-02D-N2,Espressif Systems,RF Transceiver Modules and Modems,digikey,8,Obsolete,414,
2026-08-17,ESP32-WROOM-32UE-N8,Espressif Systems,System on Chip (SoC),digikey,8,Active,7036,2.8
2026-08-17,ESP32-WROVER-IE-N16R8,Espressif Systems,System on Chip (SoC),digikey,8,Active,0,4.29874
2026-08-17,ESP32-S3-WROOM-1-N16,Espressif Systems,System on Chip (SoC),digikey,8,Active,1540,4.14689
2026-08-17,ESP32-S3-WROOM-1-N8R8,Espressif Systems,System on Chip (SoC),digikey,8,Active,1460,4.29874
2026-08-17,ESP32-PICO-D4,Espressif Systems,"RF Receivers, Transceivers",digikey,8,Active,3907,4.50003
2026-08-17,ESP8285N08,Espressif Systems,"RF Receivers, Transceivers",digikey,4,Not For New Designs,0,1.80001
2026-08-17,ESP32-S3R8,Espressif Systems,"RF Receivers, Transceivers",digikey,8,Active,4397,3.68846
2026-08-17,ESP32-WROVER-IE-N4R8,Espressif Systems,System on Chip (SoC),digikey,8,Active,716,2.8
2026-08-17,ESP-WROOM-02U-N2,Espressif Systems,RF Transceiver Modules and Modems,digikey,8,Active,113,8.0
2026-08-17,ESP32-WROVER-E-N4R8,Espressif Systems,System on Chip (SoC),digikey,8,Active,256,3.68846
2026-08-17,ESP32-WROVER-IE-N8R8,Espressif Systems,System on Chip (SoC),digikey,8,Active,8061,3.0
2026-08-17,ESP32-C3-MINI-1-N4,Espressif Systems,System on Chip (SoC),digikey,8,Not For New Designs,17450,2.19875
2026-08-17,ESP32-S3-BOX-3,Espressif Systems,Uncategorized,digikey,8,Active,45,43.75
2026-08-17,ESP32-S3-WROOM-1U-N16R8,Espressif Systems,System on Chip (SoC),digikey,8,Active,1936,3.90002
2026-08-17,ESP32-S3FN8,Espressif Systems,System on Chip (SoC),digikey,8,Active,4654,2.28001
2026-08-17,ESP32-S2-MINI-1U-N4,Espressif Systems,RF Transceiver Modules and Modems,digikey,8,Not For New Designs,1168,2.233
2026-08-17,ESP32-PICO-MINI-02-N8R2,Espressif Systems,System on Chip (SoC),digikey,12,Active,725,3.50002
2026-08-17,ESP32-S3-WROOM-1U-N4,Espressif Systems,System on Chip (SoC),digikey,8,Active,1068,2.95002
2026-08-17,GD25LQ32DNIGR,GigaDevice,Memory,digikey,10,Not For New Designs,9009,1.01648
2026-08-17,GD25D05CTIGR,GigaDevice,Memory,digikey,10,Active,0,0.26409
2026-08-17,GD25Q256DFIG,GigaDevice,Flash,digikey,12,Not For New Designs,554,3.28774
2026-08-17,MLG0603P43NHT000,TDK,Fixed Inductors,digikey,12,Active,0,0.01493
2026-08-17,GD25Q128ESIGR,GigaDevice,Flash,digikey,52,Active,15025,2.18536
2026-08-17,GD25Q64CSIGR,GigaDevice,Memory,digikey,16,Discontinued at DigiKey,0,
2026-08-17,GD55X01GEBIRY,GigaDevice,Memory,digikey,52,Active,185,25.27
2026-08-17,GD25Q32CWIGR,GigaDevice,Memory,digikey,16,Active,5346,
2026-08-17,GD25Q80CTIGR,GigaDevice,Flash,digikey,16,Not For New Designs,22700,0.51353
2026-08-17,GD25D10CTIGR,GigaDevice,Flash,digikey,10,Discontinued at DigiKey,0,
2026-08-17,GD25Q40CTIGR,GigaDevice,Flash,digikey,16,Not For New Designs,1068,0.4375
2026-08-17,GD25Q20CTIGR,GigaDevice,Memory,digikey,16,Active,12204,0.41841
2026-08-17,GD25Q16CSIGR,GigaDevice,Flash,digikey,16,Not For New Designs,0,0.539
2026-08-17,GD25Q127CYIGR,GigaDevice,Memory,digikey,10,Not For New Designs,0,1.4938
2026-08-17,GD25Q32CSIGR,GigaDevice,Flash,digikey,16,Not For New Designs,2,0.84419
2026-08-17,GD25Q20CEIGR,GigaDevice,Memory,digikey,16,Not For New Designs,3695,0.38047
2026-08-17,GD25Q16ESIGR,GigaDevice,Flash,digikey,14,Active,2009,0.8065
2026-08-17,GD25Q64ESIGR,GigaDevice,Flash,digikey,14,Active,11086,1.53073
2026-08-17,GD25LQ16ESIGR,GigaDevice,Flash,digikey,14,Active,1516,0.84419
2026-08-17,GD25Q80ESIGR,GigaDevice,Flash,digikey,14,Active,2262,0.65493
2026-08-17,GD25LQ128ESIGR,GigaDevice,Flash,digikey,52,Active,13667,2.29354
2026-08-17,GD25WQ128ESIGR,GigaDevice,Flash,digikey,52,Active,1393,1.9712
2026-08-17,GD25Q32ESIGR,GigaDevice,Flash,digikey,14,Active,576,0.99423
2026-08-17,GD25B512MEYIGR,GigaDevice,Flash,digikey,52,Not For New Designs,0,7.7
2026-08-17,GD25WQ16ESIGR,GigaDevice,Flash,digikey,14,Active,0,0.693
2026-08-17,GD25Q256EWIGR,GigaDevice,Memory,digikey,52,Active,0,4.66341
2026-08-17,GD25Q20ETIGR,GigaDevice,Flash,digikey,14,Active,601,0.49457
2026-08-17,GD25D10CKIGR,GigaDevice,Memory,digikey,8,Active,0,
2026-08-17,GD25WQ64ENIGR,GigaDevice,Flash,digikey,14,Active,0,1.463
2026-08-17,GD25Q16ETIGR,GigaDevice,Flash,digikey,14,Active,0,0.79476
2026-08-17,GD25Q32CNIGR,GigaDevice,Flash,digikey,16,Discontinued at DigiKey,0,
2026-08-17,GD25B64EWIGR,GigaDevice,Memory,digikey,14,Active,2312,1.61634
2026-08-17,GD25Q20ESIGR,GigaDevice,Flash,digikey,8,Active,1326,0.38561
